id,kind,created_s,raw_size_mb,base_value,p_useful_estimate,useful_truth
0,science_log,150.0,11.565,1.9133,0.9803,1
1,telemetry,150.0,1.078,0.6072,1.0,1
2,science_log,420.0,8.725,1.6557,0.99,1
3,event_candidate,510.0,35.626,35.6708,0.235,0
4,event_candidate,540.0,33.766,16.7237,0.3801,0
5,event_candidate,690.0,34.957,28.7016,0.8156,1
6,telemetry,720.0,0.834,0.7549,1.0,1
7,science_log,810.0,10.855,1.0389,0.8425,1
8,event_candidate,930.0,39.519,32.6547,0.6022,0
9,event_candidate,930.0,38.25,32.0648,0.2201,0
10,event_candidate,960.0,47.227,19.6053,0.2398,0
11,event_candidate,990.0,45.269,43.8846,0.2526,1
12,event_candidate,1020.0,32.675,35.9878,0.4442,1
13,event_candidate,1140.0,46.282,43.6925,0.2949,1
14,science_log,1170.0,9.434,0.882,0.99,1
15,science_log,1170.0,10.637,2.149,0.9252,1
16,event_candidate,1590.0,39.88,17.1135,0.3725,1
17,telemetry,1710.0,1.064,1.0447,1.0,1
18,telemetry,1770.0,0.852,1.3141,1.0,1
19,telemetry,2160.0,0.866,1.3964,1.0,1
20,event_candidate,2190.0,42.065,15.3339,0.291,1
21,optical_image,2250.0,278.997,14.9996,0.7812,1
22,hyperspectral_cube,2280.0,647.94,8.7782,0.9553,1
23,event_candidate,2280.0,35.505,28.6164,0.0371,0
24,optical_image,2460.0,337.083,8.7128,0.7685,1
25,event_candidate,2550.0,41.769,42.9742,0.1436,0
26,optical_image,2610.0,337.38,8.2122,0.7934,1
27,event_candidate,2610.0,41.645,17.2683,0.2418,1
28,telemetry,2940.0,0.976,0.6457,1.0,1
29,telemetry,3060.0,1.103,0.7821,1.0,1
30,science_log,3150.0,8.179,1.9294,0.8739,1
31,telemetry,3150.0,0.998,1.2867,1.0,1
32,telemetry,3210.0,1.037,0.861,1.0,1
33,optical_image,3270.0,347.441,10.4052,0.6128,0
34,science_log,3390.0,8.34,1.1255,0.9408,1
35,optical_image,3450.0,307.802,14.8694,0.3702,1
36,optical_image,3450.0,251.244,13.7775,0.5436,1
37,optical_image,3540.0,271.028,14.248,0.6653,0
38,science_log,3720.0,11.717,1.5313,0.99,1
39,science_log,3840.0,10.62,1.3049,0.9833,1
40,telemetry,3990.0,1.108,0.5215,1.0,1
41,telemetry,4020.0,0.88,1.0116,1.0,1
42,science_log,4170.0,11.312,1.9504,0.7933,1
43,science_log,4230.0,8.763,1.3717,0.7134,1
44,event_candidate,4260.0,46.808,32.3523,0.5386,1
45,event_candidate,4260.0,40.067,19.5658,0.1284,0
46,optical_image,4320.0,354.885,9.437,0.6174,1
47,optical_image,4410.0,308.07,13.2471,0.7544,1
48,optical_image,4560.0,329.693,5.168,0.6139,1
49,telemetry,4560.0,0.922,0.7129,1.0,1
50,science_log,4890.0,9.878,1.8657,0.9049,1
51,event_candidate,4980.0,43.45,18.304,0.294,0
52,event_candidate,5040.0,40.326,43.0226,0.5821,1
53,event_candidate,5100.0,44.427,24.3642,0.3767,0
54,optical_image,5130.0,294.123,9.527,0.6744,0
55,optical_image,5130.0,359.005,7.8648,0.5492,0
56,telemetry,5190.0,0.987,0.657,1.0,1
57,science_log,5250.0,11.204,2.1895,0.9573,1
58,science_log,5250.0,9.525,0.8948,0.99,1
59,event_candidate,5280.0,32.076,40.3383,0.3858,1
60,event_candidate,5430.0,33.689,31.3509,0.7446,1
61,telemetry,5430.0,0.9,0.6743,1.0,1
62,optical_image,5580.0,240.464,6.2897,0.9356,0
63,event_candidate,5610.0,42.909,33.1104,0.2887,1
64,optical_image,5670.0,266.24,11.2504,0.4206,0
65,event_candidate,5700.0,40.62,38.4666,0.2029,0
66,event_candidate,5760.0,33.778,19.4899,0.3958,0
67,science_log,5790.0,11.143,1.7717,0.679,1
68,optical_image,5820.0,312.136,14.788,0.7825,0
69,telemetry,5820.0,1.162,0.9917,1.0,1
70,optical_image,5940.0,256.014,10.1712,0.6449,0
71,optical_image,6000.0,352.406,10.4585,0.9504,1
72,event_candidate,6000.0,46.141,36.9667,0.1338,0
73,event_candidate,6030.0,44.869,35.6191,0.2317,1
74,telemetry,6090.0,1.133,1.465,1.0,1
75,event_candidate,6150.0,34.325,43.7727,0.2271,0
76,event_candidate,6330.0,36.453,15.9258,0.3631,0
77,event_candidate,6420.0,36.478,18.9663,0.3065,1
78,telemetry,6990.0,0.999,1.1991,1.0,1
79,science_log,7290.0,9.985,0.9486,0.9006,1
80,event_candidate,7830.0,44.468,35.5883,0.8511,0
81,telemetry,7860.0,1.031,0.8579,1.0,1
82,event_candidate,7980.0,33.954,26.343,0.1837,1
83,optical_image,8130.0,253.057,5.6195,0.2926,0
84,science_log,8280.0,10.436,1.3741,0.9728,1
85,event_candidate,8310.0,40.069,22.1478,0.2197,1
86,telemetry,8460.0,1.146,0.7046,1.0,1
87,hyperspectral_cube,8490.0,672.4,11.3411,0.9403,1
88,event_candidate,8550.0,43.512,41.2799,0.383,1
89,optical_image,8640.0,340.425,14.8345,0.7855,0
90,hyperspectral_cube,8730.0,707.054,15.3961,0.5789,0
91,optical_image,8760.0,297.956,13.6238,0.3104,1
92,optical_image,8790.0,326.735,9.2799,0.9858,1
93,optical_image,8850.0,262.414,14.7171,0.6989,1
94,hyperspectral_cube,8850.0,805.135,23.2171,0.9836,1
95,optical_image,9240.0,255.902,5.0463,0.9435,1
96,optical_image,9240.0,303.784,13.6009,0.5418,1
97,optical_image,9240.0,329.138,11.7569,0.6971,1
98,event_candidate,9390.0,45.166,44.6687,0.5191,0
99,science_log,9630.0,8.712,1.8067,0.9622,1
100,event_candidate,9720.0,36.466,33.2749,0.2697,0
101,event_candidate,9810.0,39.508,40.9438,0.5749,0
102,science_log,9840.0,11.053,1.1491,0.9727,1
103,event_candidate,9930.0,32.393,38.7563,0.3261,1
104,science_log,9960.0,9.691,0.7656,0.9719,1
105,event_candidate,10020.0,36.534,35.2388,0.782,1
106,event_candidate,10140.0,45.154,38.6286,0.551,1
107,optical_image,10230.0,333.049,6.3394,0.4138,0
108,telemetry,10230.0,0.894,0.5456,1.0,1
109,optical_image,10410.0,318.542,9.5222,0.3569,0
110,optical_image,10410.0,319.603,5.6675,0.6128,0
111,telemetry,10410.0,1.127,1.2772,1.0,1
112,optical_image,10470.0,341.646,5.8653,0.7462,0
113,event_candidate,10470.0,39.91,30.7241,0.2113,1
114,hyperspectral_cube,10500.0,923.589,14.168,0.929,1
115,event_candidate,10680.0,33.905,40.6311,0.2569,0
116,event_candidate,10680.0,33.231,38.7601,0.2873,0
117,telemetry,10740.0,0.973,0.6895,1.0,1
118,event_candidate,10770.0,44.063,36.4471,0.58,1
119,event_candidate,10830.0,39.403,16.1985,0.0724,0
120,telemetry,10830.0,1.033,1.0621,1.0,1
121,telemetry,10830.0,0.963,1.3966,1.0,1
122,optical_image,11040.0,355.723,13.8255,0.5369,0
123,science_log,11070.0,9.756,0.9935,0.7997,1
124,telemetry,11100.0,1.019,0.7814,1.0,1
125,optical_image,11190.0,257.957,8.7018,0.6222,1
126,telemetry,11370.0,1.038,1.4027,1.0,1
127,telemetry,11400.0,1.053,0.9082,1.0,1
128,telemetry,11640.0,1.054,0.5857,1.0,1
129,science_log,11670.0,11.71,1.0272,0.99,1
130,event_candidate,11730.0,42.964,27.8396,0.0343,0
131,event_candidate,11790.0,34.572,44.988,0.6141,0
132,event_candidate,11820.0,35.738,42.2311,0.0671,0
133,optical_image,11850.0,255.937,5.5989,0.4986,0
134,event_candidate,11970.0,43.012,39.1527,0.5877,0
135,event_candidate,11970.0,34.547,39.438,0.5713,0
136,event_candidate,12000.0,47.395,30.7349,0.8713,1
137,event_candidate,12150.0,43.282,39.4784,0.0947,0
138,event_candidate,12240.0,33.632,28.9313,0.6365,0
139,event_candidate,12270.0,43.471,28.2378,0.8223,1
140,science_log,12330.0,8.477,1.3042,0.9661,1
141,event_candidate,12390.0,46.931,40.7084,0.3708,0
142,event_candidate,12420.0,45.852,16.833,0.3026,0
143,event_candidate,12450.0,33.375,20.6292,0.7604,0
144,telemetry,12450.0,0.932,1.3935,1.0,1
145,telemetry,12570.0,1.076,0.7966,1.0,1
146,event_candidate,12600.0,37.444,17.412,0.6956,1
147,telemetry,13080.0,0.824,1.0566,1.0,1
148,event_candidate,13170.0,43.638,26.4098,0.6188,1
149,event_candidate,13350.0,47.315,20.0802,0.3027,1
150,event_candidate,13440.0,43.009,35.2811,0.5231,1
151,event_candidate,13710.0,39.534,20.8777,0.4472,1
152,science_log,13740.0,10.894,1.8637,0.99,1
153,event_candidate,13890.0,45.589,27.2132,0.7443,1
154,event_candidate,13920.0,41.897,37.4986,0.5324,1
155,event_candidate,13980.0,40.403,30.7934,0.4205,1
156,event_candidate,13980.0,46.433,22.6402,0.3023,0
157,telemetry,14130.0,0.889,0.6424,1.0,1
158,event_candidate,14250.0,35.467,22.1398,0.6288,1
159,science_log,14280.0,11.33,0.896,0.99,1
160,telemetry,14310.0,1.148,1.4563,1.0,1
161,event_candidate,14430.0,39.546,42.5387,0.648,1
162,telemetry,14550.0,0.833,1.1978,1.0,1
163,telemetry,14610.0,1.012,1.3691,1.0,1
164,event_candidate,14640.0,46.61,24.4325,0.3139,0
165,science_log,14790.0,9.132,1.5338,0.7864,0
166,event_candidate,14850.0,40.36,38.1025,0.392,0
167,telemetry,14850.0,1.133,0.637,1.0,1
168,optical_image,14910.0,325.866,8.6332,0.3563,0
169,telemetry,15060.0,1.127,0.5737,1.0,1
170,event_candidate,15180.0,35.245,30.598,0.0963,0
171,telemetry,15180.0,1.129,0.6172,1.0,1
172,hyperspectral_cube,15210.0,771.169,10.257,0.5392,0
173,science_log,15210.0,10.08,2.1672,0.8118,1
174,event_candidate,15240.0,37.476,18.287,0.0113,0
175,event_candidate,15300.0,43.238,43.0875,0.0741,0
176,event_candidate,15300.0,43.136,42.4964,0.8554,1
177,science_log,15390.0,11.399,2.009,0.7158,1
178,event_candidate,15600.0,41.818,18.0211,0.2227,0
179,event_candidate,15840.0,37.89,26.1216,0.6686,1
180,event_candidate,15900.0,35.79,26.5294,0.3211,1
181,optical_image,16050.0,348.577,11.1735,0.5194,0
182,optical_image,16110.0,293.443,10.8728,0.2297,0
183,event_candidate,16140.0,45.48,26.3217,0.3933,0
184,optical_image,16320.0,347.262,9.2773,0.4326,0
185,event_candidate,16320.0,46.301,43.9764,0.4602,1
186,hyperspectral_cube,16380.0,843.469,8.3332,0.7495,1
187,event_candidate,16410.0,43.125,37.8867,0.1935,0
188,event_candidate,16440.0,34.538,27.598,0.6374,1
189,event_candidate,16500.0,36.968,21.9704,0.3136,0
190,telemetry,16590.0,0.824,0.9006,1.0,1
191,event_candidate,16620.0,38.452,24.7475,0.141,1
192,event_candidate,16680.0,41.035,29.8292,0.2722,0
193,science_log,16830.0,10.751,1.6894,0.9355,1
194,event_candidate,17070.0,39.687,19.7942,0.1639,0
195,hyperspectral_cube,17100.0,825.366,22.0531,0.7836,0
196,science_log,17160.0,9.75,0.9204,0.9255,1
197,science_log,17160.0,10.663,2.2252,0.9157,0
198,optical_image,17190.0,290.377,9.8957,0.7266,1
199,event_candidate,17220.0,42.026,18.7508,0.4357,0
200,science_log,17250.0,10.578,1.8843,0.9465,1
201,event_candidate,17580.0,37.791,40.3884,0.1297,0
202,event_candidate,17700.0,45.074,33.3701,0.1885,0
203,event_candidate,17790.0,44.696,32.6648,0.8711,0
204,telemetry,17850.0,0.969,1.3823,1.0,1
205,event_candidate,17910.0,35.456,39.9748,0.4361,0
206,telemetry,17910.0,1.159,0.8948,1.0,1
207,science_log,18090.0,11.177,0.8484,0.99,1
208,science_log,18210.0,8.318,1.4722,0.99,1
209,event_candidate,18240.0,46.802,31.6817,0.1559,0
210,event_candidate,18330.0,34.088,43.9859,0.2748,1
211,event_candidate,18390.0,36.554,23.1258,0.258,1
212,event_candidate,18390.0,34.134,20.2402,0.563,0
213,event_candidate,18420.0,40.701,43.4999,0.6385,0
214,telemetry,18540.0,1.041,0.9485,1.0,1
215,telemetry,18930.0,0.805,0.9451,1.0,1
216,event_candidate,19020.0,41.34,16.4475,0.4924,0
217,event_candidate,19230.0,36.219,26.6491,0.4865,1
218,science_log,19320.0,10.081,1.6861,0.7853,1
219,science_log,19500.0,8.375,1.7422,0.8578,1
220,event_candidate,19530.0,46.062,33.214,0.6004,1
221,event_candidate,19590.0,44.987,36.8758,0.1359,0
222,telemetry,19620.0,1.122,1.2712,1.0,1
223,science_log,19740.0,8.32,0.8776,0.791,1
224,event_candidate,19860.0,39.351,17.6718,0.5838,0
225,science_log,20040.0,11.404,1.9796,0.7836,1
226,telemetry,20040.0,0.952,0.9311,1.0,1
227,telemetry,20070.0,0.857,1.446,1.0,1
228,event_candidate,20130.0,42.073,39.5581,0.0945,0
229,telemetry,20190.0,1.084,1.1539,1.0,1
230,event_candidate,20220.0,41.787,19.9841,0.2049,0
231,optical_image,20280.0,351.632,12.9879,0.7476,1
232,event_candidate,20280.0,37.531,34.2305,0.0742,0
233,event_candidate,20280.0,46.912,42.1888,0.7647,1
234,telemetry,20280.0,0.938,0.792,1.0,1
235,science_log,20340.0,10.254,1.6182,0.99,1
236,event_candidate,20400.0,34.874,24.2387,0.2149,0
237,event_candidate,20460.0,42.281,22.1645,0.1665,1
238,optical_image,20700.0,326.578,14.3199,0.4284,0
239,telemetry,20700.0,0.881,0.6408,1.0,1
240,science_log,20730.0,9.334,1.2216,0.8475,1
241,event_candidate,20790.0,44.533,35.7128,0.3627,1
242,event_candidate,20850.0,34.021,33.5425,0.6008,0
243,optical_image,20970.0,321.999,13.4547,0.6153,1
244,telemetry,21060.0,0.903,0.961,1.0,1
245,telemetry,21090.0,0.835,1.1758,1.0,1
246,optical_image,21150.0,293.003,7.2237,0.6064,1
247,science_log,21180.0,10.885,1.8155,0.99,1
248,telemetry,21300.0,1.185,0.5606,1.0,1
249,optical_image,21330.0,275.912,8.7899,0.2747,0
250,science_log,21450.0,8.759,1.743,0.9261,1
251,telemetry,21570.0,0.842,0.9128,1.0,1
252,hyperspectral_cube,21600.0,791.568,12.2353,0.8681,1
253,event_candidate,21630.0,35.168,15.2574,0.3312,0
254,event_candidate,21630.0,33.998,35.994,0.2014,0
255,event_candidate,21660.0,34.638,29.8291,0.654,1
256,optical_image,21720.0,252.962,10.6284,0.7815,1
257,science_log,21780.0,8.006,1.949,0.9404,1
258,telemetry,21930.0,0.828,0.8729,1.0,1
259,event_candidate,22170.0,42.073,36.2014,0.5256,1
260,event_candidate,22290.0,33.137,17.7729,0.6497,0
261,telemetry,22290.0,1.134,1.3878,1.0,1
262,optical_image,22410.0,318.671,14.6135,0.4217,1
263,event_candidate,22440.0,43.203,15.1477,0.158,0
264,event_candidate,22470.0,47.625,31.2393,0.564,1
265,telemetry,22500.0,1.169,0.8176,1.0,1
266,optical_image,22590.0,343.644,10.2045,0.834,1
267,optical_image,22650.0,349.122,14.5374,0.6098,1
268,optical_image,22710.0,251.899,9.4151,0.6194,0
269,event_candidate,22830.0,37.865,28.6966,0.4098,0
270,event_candidate,22860.0,45.103,34.2132,0.3471,0
271,science_log,22860.0,11.578,1.3051,0.5872,1
272,event_candidate,22950.0,47.721,44.4884,0.2476,0
273,event_candidate,22980.0,41.076,40.3839,0.6745,0
274,event_candidate,23100.0,45.173,19.0548,0.4071,1
275,event_candidate,23130.0,40.116,26.0969,0.3033,1
276,science_log,23160.0,10.044,1.3322,0.8838,1
277,event_candidate,23640.0,45.334,17.363,0.3701,1
278,event_candidate,23700.0,38.642,15.0136,0.4547,1
279,optical_image,23730.0,262.735,12.059,0.6584,0
280,optical_image,23760.0,311.711,7.0823,0.5842,0
281,event_candidate,23880.0,37.766,19.1562,0.7178,1
282,science_log,23880.0,11.796,1.0616,0.9842,1
283,optical_image,24060.0,344.754,9.6472,0.7535,1
284,event_candidate,24150.0,38.529,42.4475,0.2885,1
285,event_candidate,24270.0,40.286,44.8738,0.3228,0
286,science_log,24390.0,10.29,2.0266,0.7492,0
287,event_candidate,24660.0,42.406,30.7022,0.4294,0
288,telemetry,24720.0,0.97,0.8,1.0,1
289,telemetry,24930.0,0.921,1.0741,1.0,1
290,event_candidate,25380.0,46.917,31.8953,0.7121,1
291,event_candidate,25380.0,37.034,41.9349,0.5181,1
292,event_candidate,25440.0,44.901,36.096,0.3633,0
293,event_candidate,25470.0,37.006,15.4095,0.5931,1
294,event_candidate,25530.0,47.315,35.9614,0.0952,0
295,telemetry,25560.0,1.058,0.6085,1.0,1
296,event_candidate,25710.0,33.564,38.0671,0.5543,1
297,telemetry,25710.0,1.051,0.5226,1.0,1
298,science_log,25830.0,9.368,2.0133,0.945,1
299,science_log,25860.0,11.591,1.1371,0.2953,0
300,telemetry,25980.0,0.879,1.2898,1.0,1
301,optical_image,26250.0,310.463,10.5885,0.4373,1
302,telemetry,26280.0,0.803,1.3286,1.0,1
303,event_candidate,26400.0,36.224,31.1541,0.4338,0
304,event_candidate,26580.0,32.34,25.7019,0.1395,0
305,telemetry,26580.0,1.066,0.8741,1.0,1
306,event_candidate,26610.0,34.686,28.4476,0.7789,0
307,event_candidate,26670.0,38.355,40.017,0.2793,0
308,optical_image,26730.0,359.298,14.8364,0.7838,0
309,optical_image,26790.0,311.626,13.1475,0.7095,0
310,event_candidate,26910.0,32.249,27.9463,0.5888,1
311,science_log,26910.0,8.549,1.4743,0.893,1
312,science_log,26940.0,10.413,1.935,0.1881,0
313,telemetry,26940.0,0.913,0.7635,1.0,1
314,telemetry,27000.0,1.187,1.1522,1.0,1
315,telemetry,27090.0,0.867,1.3529,1.0,1
316,telemetry,27090.0,1.025,0.8228,1.0,1
317,event_candidate,27360.0,37.681,25.6634,0.3082,1
318,telemetry,27390.0,1.141,1.2043,1.0,1
319,optical_image,27510.0,301.872,7.9037,0.7676,0
320,telemetry,27570.0,1.18,0.7769,1.0,1
321,science_log,27690.0,11.443,2.0959,0.7773,0
322,science_log,27720.0,11.638,0.8507,0.8828,1
323,event_candidate,27810.0,38.007,36.1215,0.7236,1
324,event_candidate,27870.0,37.432,31.7242,0.2706,0
325,event_candidate,27930.0,37.071,31.1894,0.0888,0
326,event_candidate,27990.0,34.073,40.7693,0.7687,1
327,event_candidate,28170.0,42.557,44.6352,0.5446,1
328,telemetry,28170.0,0.87,1.167,1.0,1
329,hyperspectral_cube,28200.0,755.792,13.1824,0.5866,0
330,optical_image,28290.0,314.549,6.6534,0.6731,0
331,event_candidate,28290.0,42.021,34.1242,0.3396,0
332,science_log,28350.0,11.046,1.0911,0.99,1
333,optical_image,28440.0,241.336,14.4521,0.6798,0
334,telemetry,28470.0,1.064,1.4029,1.0,1
335,telemetry,28470.0,0.86,0.5723,1.0,1
336,optical_image,28500.0,257.239,9.1718,0.2541,0
337,hyperspectral_cube,28500.0,679.364,12.3669,0.9585,1
338,telemetry,28500.0,0.817,0.5855,1.0,1
339,optical_image,28680.0,345.41,12.6399,0.7898,1
340,telemetry,28830.0,0.919,1.3692,1.0,1
341,event_candidate,29040.0,37.793,28.2551,0.2292,0
342,event_candidate,29070.0,38.87,28.1979,0.5768,1
343,telemetry,29070.0,1.124,1.4022,1.0,1
344,telemetry,29100.0,0.802,0.5645,1.0,1
345,event_candidate,29190.0,32.522,28.0708,0.2125,0
346,optical_image,29220.0,336.59,5.703,0.7547,1
347,event_candidate,29280.0,45.476,30.9228,0.8983,1
348,event_candidate,29400.0,40.492,30.2778,0.5879,0
349,event_candidate,29430.0,35.818,44.74,0.1171,1
350,science_log,29430.0,9.041,1.1207,0.8804,1
351,event_candidate,29610.0,42.295,42.9378,0.4016,1
352,event_candidate,29610.0,33.378,25.8437,0.4245,1
353,event_candidate,29640.0,44.3,23.7562,0.2672,1
354,event_candidate,29670.0,40.973,31.2486,0.2721,1
355,science_log,29670.0,8.249,1.8083,0.9881,1
356,science_log,29820.0,8.542,0.969,0.926,1
357,event_candidate,29880.0,37.137,44.544,0.4221,0
358,event_candidate,29910.0,40.319,18.2377,0.1895,0
359,optical_image,29940.0,240.67,13.8872,0.716,1
360,event_candidate,30180.0,43.511,32.6981,0.4863,0
361,event_candidate,30180.0,41.864,15.4277,0.2192,0
362,event_candidate,30210.0,45.962,16.0962,0.5533,1
363,event_candidate,30300.0,44.776,31.5114,0.1068,0
364,telemetry,30330.0,1.123,1.2037,1.0,1
365,science_log,30360.0,8.844,1.0961,0.99,1
366,event_candidate,30390.0,43.854,22.1129,0.1036,0
367,science_log,30510.0,8.137,1.4983,0.99,1
368,event_candidate,30540.0,45.681,41.5292,0.2332,1
369,event_candidate,30630.0,33.478,32.6665,0.3877,0
370,telemetry,30690.0,0.897,0.9338,1.0,1
371,telemetry,30870.0,0.845,1.1811,1.0,1
372,telemetry,30930.0,0.835,1.1403,1.0,1
373,event_candidate,31140.0,38.628,24.8332,0.5982,0
374,event_candidate,31140.0,41.043,34.0025,0.1011,0
375,science_log,31170.0,11.273,1.3419,0.99,1
376,event_candidate,31350.0,33.952,42.2714,0.6694,1
377,science_log,31350.0,11.069,2.1749,0.9449,1
378,event_candidate,31950.0,40.686,29.6672,0.4761,1
379,telemetry,31950.0,1.175,1.1628,1.0,1
380,telemetry,31950.0,0.993,1.0278,1.0,1
381,event_candidate,32070.0,32.885,25.175,0.532,1
382,event_candidate,32160.0,38.862,18.6055,0.6314,1
383,telemetry,32190.0,1.139,0.5824,1.0,1
384,event_candidate,32370.0,33.62,26.456,0.4271,0
385,event_candidate,32520.0,44.912,16.9834,0.4848,1
386,event_candidate,32610.0,37.236,23.1454,0.1131,0
387,telemetry,32610.0,0.832,1.2963,1.0,1
388,science_log,32730.0,11.805,1.2107,0.99,1
389,event_candidate,32820.0,41.295,39.0721,0.5352,0
390,telemetry,32850.0,0.888,1.3778,1.0,1
391,optical_image,32880.0,339.067,13.1544,0.2398,0
392,event_candidate,32940.0,40.619,21.749,0.7271,1
393,telemetry,33030.0,0.874,0.9362,1.0,1
394,event_candidate,33060.0,43.865,26.0558,0.5503,1
395,optical_image,33090.0,290.526,13.4912,0.7905,1
396,event_candidate,33150.0,44.823,41.445,0.4294,1
397,event_candidate,33270.0,32.661,22.0527,0.1202,0
398,telemetry,33300.0,1.163,1.3985,1.0,1
399,telemetry,33300.0,1.178,1.3728,1.0,1
400,science_log,33390.0,8.542,1.4718,0.9722,1
401,event_candidate,33420.0,36.487,29.6187,0.7459,1
402,event_candidate,33510.0,35.123,21.8108,0.2923,0
403,science_log,33570.0,9.501,2.0912,0.9702,0
404,science_log,33630.0,8.808,1.4365,0.99,1
405,optical_image,33810.0,346.376,7.4257,0.2978,1
406,science_log,33810.0,10.754,1.4044,0.99,1
407,event_candidate,33840.0,34.131,22.3351,0.1551,0
408,hyperspectral_cube,33870.0,756.895,23.6029,0.903,1
409,optical_image,33900.0,299.008,7.5057,0.823,1
410,event_candidate,34020.0,40.806,22.5034,0.2672,0
411,telemetry,34020.0,0.919,1.4926,1.0,1
412,event_candidate,34050.0,34.084,21.0058,0.6488,0
413,hyperspectral_cube,34080.0,840.933,20.8422,0.7028,1
414,event_candidate,34170.0,44.819,25.7903,0.4702,0
415,event_candidate,34200.0,38.993,30.5683,0.5555,0
416,event_candidate,34530.0,35.772,15.121,0.0614,0
417,event_candidate,34560.0,43.471,30.0241,0.3203,0
418,science_log,34560.0,8.511,0.9586,0.9821,1
419,optical_image,34590.0,322.247,11.0218,0.2907,1
420,event_candidate,34620.0,37.388,26.1116,0.4508,0
421,optical_image,34680.0,267.177,8.5096,0.2552,0
422,optical_image,34800.0,333.046,11.3327,0.5612,0
423,telemetry,34800.0,1.042,0.7816,1.0,1
424,event_candidate,35010.0,42.992,38.0869,0.6139,1
425,science_log,35070.0,8.979,1.6347,0.9682,1
426,hyperspectral_cube,35190.0,681.734,21.7196,0.9397,1
427,optical_image,35280.0,358.839,9.2672,0.7071,1
428,telemetry,35490.0,1.004,1.3069,1.0,1
429,event_candidate,35520.0,42.986,15.4477,0.132,0
430,telemetry,35520.0,0.85,1.1191,1.0,1
431,event_candidate,35550.0,32.045,37.4721,0.7705,1
432,event_candidate,35580.0,33.569,25.14,0.396,0
433,event_candidate,35610.0,35.77,16.4938,0.2559,0
434,optical_image,35730.0,300.439,11.0656,0.8927,1
435,event_candidate,35790.0,39.543,20.6643,0.7256,1
436,event_candidate,35790.0,40.152,25.2096,0.2517,0
437,event_candidate,35820.0,32.098,32.2476,0.2756,0
438,telemetry,35940.0,0.961,1.318,1.0,1
439,event_candidate,36150.0,40.738,20.5192,0.0899,0
440,event_candidate,36180.0,34.168,23.4572,0.8306,1
441,optical_image,36210.0,314.912,10.0875,0.5088,1
442,hyperspectral_cube,36210.0,805.02,8.7258,0.6189,1
443,event_candidate,36420.0,42.149,16.4608,0.3666,0
444,event_candidate,36510.0,39.597,41.5665,0.6479,1
445,science_log,36540.0,8.477,2.1847,0.6562,1
446,telemetry,36540.0,0.831,1.1032,1.0,1
447,event_candidate,36570.0,39.739,22.7971,0.4585,0
448,telemetry,36630.0,1.057,0.8032,1.0,1
449,telemetry,36630.0,1.137,0.5843,1.0,1
450,science_log,36660.0,8.405,1.3106,0.99,1
451,telemetry,36750.0,0.805,0.9837,1.0,1
452,event_candidate,36780.0,40.09,43.3502,0.3556,1
453,event_candidate,36870.0,44.673,32.6155,0.4502,1
454,event_candidate,36930.0,44.8,29.0098,0.1926,0
455,science_log,37350.0,11.298,1.2952,0.9021,1
456,telemetry,37350.0,1.163,0.7048,1.0,1
457,event_candidate,37440.0,40.891,32.9033,0.4263,1
458,event_candidate,37500.0,43.562,38.5528,0.3189,0
459,event_candidate,37560.0,35.436,22.8342,0.1771,1
460,telemetry,37680.0,1.095,0.6328,1.0,1
461,event_candidate,37740.0,33.758,25.4292,0.2634,0
462,event_candidate,37920.0,37.973,43.672,0.2178,0
463,event_candidate,38040.0,39.603,26.3489,0.7496,1
464,event_candidate,38250.0,38.219,30.4128,0.3094,1
465,event_candidate,38310.0,33.726,33.8269,0.521,1
466,telemetry,38580.0,1.199,1.0449,1.0,1
467,optical_image,38640.0,298.202,6.4652,0.2722,0
468,event_candidate,38640.0,33.255,18.1802,0.3948,0
469,optical_image,38670.0,352.283,12.976,0.5477,1
470,hyperspectral_cube,38730.0,880.624,16.0626,0.6466,1
471,telemetry,38790.0,1.124,1.4225,1.0,1
472,hyperspectral_cube,38850.0,748.46,12.1331,0.9841,1
473,optical_image,38880.0,330.477,12.467,0.1769,1
474,event_candidate,38910.0,43.616,41.8924,0.2032,1
475,hyperspectral_cube,38940.0,796.884,14.7531,0.5892,1
476,science_log,38940.0,8.317,2.1521,0.8166,1
477,science_log,38970.0,9.11,1.7009,0.9887,1
478,optical_image,39000.0,347.346,10.487,0.8812,1
479,science_log,39000.0,9.825,1.0774,0.9358,1
480,science_log,39120.0,11.129,0.8958,0.99,1
481,event_candidate,39300.0,42.2,29.9392,0.0525,1
482,science_log,39360.0,9.477,1.4939,0.99,1
483,optical_image,39390.0,243.594,11.1604,0.8648,1
484,telemetry,39510.0,0.996,1.1667,1.0,1
485,science_log,39720.0,8.348,1.6289,0.99,1
486,telemetry,39750.0,0.829,1.0048,1.0,1
487,optical_image,39810.0,283.538,5.3069,0.8316,0
488,event_candidate,39840.0,47.923,23.3129,0.3003,0
489,event_candidate,39990.0,37.674,26.0272,0.1665,0
490,event_candidate,40020.0,41.15,19.7074,0.6913,1
491,event_candidate,40050.0,45.488,20.9864,0.5568,1
492,science_log,40110.0,9.786,1.248,0.99,1
493,event_candidate,40260.0,39.552,42.8229,0.3866,0
494,event_candidate,40290.0,42.073,38.3981,0.2668,0
495,telemetry,40290.0,0.994,1.4625,1.0,1
496,optical_image,40440.0,333.019,7.3213,0.3695,0
497,telemetry,40440.0,0.914,0.9614,1.0,1
498,telemetry,40530.0,1.013,1.1777,1.0,1
499,optical_image,40560.0,278.867,5.7815,0.7166,1
500,event_candidate,40590.0,32.007,15.7696,0.1856,0
501,telemetry,40620.0,0.893,0.5871,1.0,1
502,telemetry,40650.0,1.041,0.8565,1.0,1
503,event_candidate,40680.0,41.163,32.6775,0.5392,0
504,science_log,40710.0,10.159,0.865,0.9671,1
505,event_candidate,40740.0,46.247,23.002,0.3358,1
506,optical_image,40830.0,358.403,11.197,0.7434,1
507,optical_image,40890.0,285.706,14.5259,0.3496,0
508,event_candidate,40920.0,40.381,21.607,0.8163,1
509,optical_image,40950.0,307.802,14.7435,0.9253,1
510,telemetry,40980.0,1.058,1.1617,1.0,1
511,event_candidate,41040.0,39.587,34.0808,0.3865,1
512,event_candidate,41070.0,32.319,19.7365,0.2616,0
513,science_log,41070.0,8.873,1.2172,0.8366,1
514,optical_image,41100.0,341.906,9.4064,0.0306,1
515,optical_image,41280.0,354.521,14.7086,0.8937,1
516,telemetry,41370.0,0.929,1.3503,1.0,1
517,optical_image,41490.0,299.413,13.2064,0.4193,1
518,optical_image,41520.0,322.353,12.929,0.8262,1
519,optical_image,41580.0,350.892,5.0323,0.406,1
520,event_candidate,41670.0,41.053,17.0612,0.7537,0
521,event_candidate,41670.0,42.073,37.7521,0.2813,1
522,event_candidate,41670.0,36.012,44.0949,0.3383,1
523,event_candidate,41700.0,41.312,28.806,0.3375,1
524,hyperspectral_cube,41790.0,891.149,20.3227,0.9705,1
525,optical_image,41940.0,336.445,11.3172,0.7852,0
526,optical_image,41970.0,302.802,7.6159,0.4401,0
527,science_log,41970.0,10.399,1.1468,0.99,1
528,event_candidate,42030.0,42.608,25.0736,0.2829,0
529,event_candidate,42060.0,47.369,28.2071,0.6875,1
530,event_candidate,42090.0,45.23,33.8392,0.2694,0
531,event_candidate,42120.0,36.054,29.7922,0.0203,0
532,science_log,42180.0,9.732,1.0578,0.6212,0
533,event_candidate,42210.0,34.946,30.883,0.6052,1
534,science_log,42420.0,9.889,2.0681,0.9058,1
535,science_log,42450.0,8.066,0.9468,0.99,1
536,event_candidate,42540.0,37.615,24.165,0.2271,0
537,telemetry,42690.0,0.908,0.742,1.0,1
538,event_candidate,42720.0,34.287,44.9237,0.3718,0
539,event_candidate,42750.0,33.226,17.365,0.0573,0
540,telemetry,42750.0,1.078,0.6918,1.0,1
541,telemetry,42900.0,1.157,1.4502,1.0,1
542,telemetry,42900.0,1.066,0.7402,1.0,1
543,event_candidate,43050.0,40.194,16.5438,0.4146,0
544,science_log,43050.0,10.424,1.9175,0.911,1
545,event_candidate,43170.0,33.611,32.6762,0.3062,0
546,event_candidate,43200.0,46.808,34.5834,0.5274,0
547,telemetry,43230.0,1.172,0.7543,1.0,1
548,event_candidate,43380.0,41.488,21.9572,0.4842,1
549,telemetry,43530.0,1.177,1.0498,1.0,1
550,telemetry,43740.0,1.088,1.4881,1.0,1
551,event_candidate,43830.0,44.027,41.9722,0.3771,1
552,event_candidate,43890.0,37.049,19.5728,0.1734,1
553,event_candidate,43890.0,45.744,22.0834,0.3901,0
554,event_candidate,43950.0,41.288,35.2396,0.5523,1
555,telemetry,43980.0,1.151,0.6163,1.0,1
556,event_candidate,44010.0,33.701,19.0199,0.0117,0
557,event_candidate,44040.0,42.195,26.373,0.3845,1
558,hyperspectral_cube,44370.0,888.53,15.7041,0.309,1
559,science_log,44460.0,8.731,1.1654,0.8704,1
560,optical_image,44490.0,285.376,7.9463,0.1863,0
561,science_log,44580.0,9.88,0.806,0.9853,1
562,optical_image,44610.0,335.864,11.6363,0.4703,1
563,telemetry,44790.0,0.807,1.4246,1.0,1
564,telemetry,44820.0,1.179,1.3266,1.0,1
565,event_candidate,44910.0,34.749,15.3626,0.7603,0
566,event_candidate,45150.0,43.809,28.5843,0.7362,0
567,event_candidate,45180.0,45.442,24.8586,0.3097,1
568,event_candidate,45360.0,41.723,16.2508,0.6364,0
569,event_candidate,45390.0,45.751,33.3179,0.4876,1
570,optical_image,45450.0,280.364,11.477,0.2429,1
571,telemetry,45570.0,1.175,0.6914,1.0,1
572,telemetry,45570.0,0.87,1.0406,1.0,1
573,event_candidate,45690.0,35.262,22.4053,0.4285,0
574,hyperspectral_cube,45720.0,843.348,14.706,0.9559,1
575,hyperspectral_cube,45720.0,951.726,18.2264,0.8715,0
576,event_candidate,45720.0,39.578,15.0204,0.4039,0
577,optical_image,45750.0,314.933,12.1051,0.9601,1
578,optical_image,45780.0,320.332,7.7605,0.9224,1
579,optical_image,45840.0,358.719,6.8438,0.6749,1
580,optical_image,45870.0,344.724,7.4062,0.7696,0
581,optical_image,45960.0,350.999,5.5082,0.707,0
582,science_log,45960.0,10.352,2.2038,0.8602,1
583,optical_image,46020.0,359.526,14.2763,0.4421,0
584,optical_image,46050.0,326.288,8.2027,0.1837,1
585,telemetry,46110.0,1.037,0.9754,1.0,1
586,optical_image,46140.0,335.225,12.9643,0.6017,0
587,optical_image,46140.0,350.022,8.8852,0.4689,0
588,optical_image,46200.0,353.011,11.9965,0.6209,0
589,event_candidate,46200.0,47.134,33.1874,0.6175,1
590,event_candidate,46230.0,32.711,44.4239,0.7874,1
591,event_candidate,46230.0,42.018,38.937,0.6191,1
592,event_candidate,46440.0,36.742,28.8765,0.3823,0
593,event_candidate,46470.0,41.44,30.4331,0.068,0
594,hyperspectral_cube,46620.0,667.064,16.8468,0.9088,1
595,science_log,46620.0,9.016,1.6536,0.7808,1
596,telemetry,46800.0,0.816,1.1328,1.0,1
597,event_candidate,46860.0,32.139,38.5423,0.4653,0
598,optical_image,46980.0,328.345,8.9947,0.6197,1
599,telemetry,47040.0,0.976,0.6231,1.0,1
600,event_candidate,47070.0,47.575,44.8271,0.5212,0
601,event_candidate,47130.0,46.732,15.8146,0.5522,0
602,optical_image,47190.0,310.633,8.8524,0.5903,1
603,optical_image,47220.0,279.32,6.3799,0.3535,1
604,event_candidate,47610.0,33.011,15.7772,0.2988,1
605,telemetry,47910.0,0.952,1.0026,1.0,1
606,optical_image,48000.0,280.796,14.317,0.8258,1
607,event_candidate,48000.0,38.075,29.9733,0.1667,0
608,optical_image,48060.0,276.122,14.9029,0.8821,1
609,science_log,48060.0,10.535,1.9469,0.99,1
610,event_candidate,48120.0,34.694,24.9531,0.7325,1
611,optical_image,48210.0,264.603,9.9586,0.6102,0
612,event_candidate,48210.0,46.858,30.1242,0.2913,0
613,telemetry,48330.0,1.179,1.3604,1.0,1
614,telemetry,48420.0,0.943,1.4135,1.0,1
615,telemetry,48450.0,0.976,0.5785,1.0,1
616,event_candidate,48510.0,39.208,16.7912,0.5475,0
617,event_candidate,48600.0,39.316,37.6031,0.5203,0
618,telemetry,48690.0,1.037,1.0003,1.0,1
619,event_candidate,48750.0,42.415,34.0158,0.2867,0
620,event_candidate,48750.0,46.196,19.2372,0.0181,0
621,telemetry,48780.0,0.909,0.754,1.0,1
622,event_candidate,49350.0,41.243,20.3297,0.6271,0
623,science_log,49410.0,8.354,2.2131,0.9435,1
624,event_candidate,49710.0,35.01,31.7531,0.3042,0
625,telemetry,49860.0,0.831,0.5217,1.0,1
626,event_candidate,49890.0,32.61,42.0147,0.2112,0
627,telemetry,49950.0,0.914,0.5642,1.0,1
628,event_candidate,50340.0,38.582,29.6822,0.2924,0
629,event_candidate,50430.0,41.774,26.7005,0.5299,0
630,event_candidate,50460.0,38.762,19.1037,0.197,0
631,event_candidate,50490.0,41.288,27.7805,0.7954,1
632,event_candidate,50580.0,34.043,41.26,0.5615,1
633,optical_image,50610.0,287.792,12.3056,0.4732,0
634,science_log,50670.0,10.742,1.0537,0.7398,1
635,telemetry,50670.0,1.039,0.6202,1.0,1
636,science_log,50730.0,8.652,1.6627,0.6997,0
637,telemetry,50730.0,1.195,1.4299,1.0,1
638,event_candidate,50760.0,40.231,29.2355,0.6354,0
639,telemetry,51030.0,0.964,0.5353,1.0,1
640,event_candidate,51060.0,32.155,22.5367,0.335,0
641,optical_image,51390.0,303.849,12.2277,0.7624,1
642,optical_image,51420.0,358.765,6.7688,0.8359,0
643,telemetry,51600.0,0.838,0.7108,1.0,1
644,event_candidate,51630.0,32.155,29.2275,0.3932,1
645,science_log,51630.0,11.282,2.0714,0.269,0
646,event_candidate,51690.0,47.331,18.8383,0.6738,0
647,science_log,51870.0,10.925,1.0114,0.9456,1
648,hyperspectral_cube,51960.0,838.283,20.8737,0.6624,1
649,telemetry,52020.0,1.043,0.9512,1.0,1
650,telemetry,52110.0,1.107,0.5176,1.0,1
651,telemetry,52200.0,0.998,1.0334,1.0,1
652,event_candidate,52380.0,45.71,17.4214,0.5595,1
653,event_candidate,52380.0,44.59,31.8296,0.6071,0
654,optical_image,52470.0,278.116,13.5493,0.3136,0
655,event_candidate,52500.0,40.167,16.6285,0.8523,1
656,telemetry,52500.0,1.162,0.8791,1.0,1
657,event_candidate,52560.0,37.534,24.5648,0.7024,1
658,optical_image,52590.0,319.423,14.0538,0.4773,1
659,telemetry,52620.0,1.156,1.4089,1.0,1
660,optical_image,52650.0,301.385,5.7638,0.6302,1
661,telemetry,52710.0,0.88,1.4688,1.0,1
662,optical_image,52830.0,356.824,8.0925,0.9611,1
663,science_log,52950.0,9.926,2.2087,0.8703,1
664,hyperspectral_cube,53190.0,938.47,13.5121,0.6099,1
665,science_log,53280.0,11.92,1.9254,0.99,1
666,telemetry,53340.0,0.99,1.0539,1.0,1
667,telemetry,53340.0,0.926,0.9737,1.0,1
668,science_log,53490.0,11.702,1.5909,0.99,1
669,event_candidate,53580.0,44.146,39.3759,0.3261,0
670,telemetry,53610.0,1.086,0.9176,1.0,1
671,event_candidate,53640.0,34.484,23.5061,0.4916,0
672,event_candidate,53640.0,46.469,17.0484,0.1882,0
673,optical_image,53760.0,332.62,7.2319,0.4435,1
674,event_candidate,53790.0,42.021,21.8668,0.181,0
675,optical_image,53820.0,272.113,13.4935,0.859,1
676,event_candidate,53820.0,37.186,27.7068,0.2941,0
677,event_candidate,54060.0,34.696,29.1468,0.3283,0
678,telemetry,54060.0,1.177,1.4651,1.0,1
679,event_candidate,54120.0,38.599,42.5771,0.2035,0
680,hyperspectral_cube,54150.0,849.343,19.1003,0.9546,1
681,event_candidate,54240.0,34.108,38.168,0.0887,0
682,optical_image,54330.0,251.453,7.6349,0.9322,1
683,event_candidate,54330.0,44.468,25.0275,0.0573,0
684,telemetry,54420.0,0.899,0.8242,1.0,1
685,science_log,54600.0,9.098,1.1432,0.8542,1
686,telemetry,54600.0,1.049,1.1661,1.0,1
687,telemetry,54690.0,0.947,1.1323,1.0,1
688,event_candidate,54750.0,46.538,28.0091,0.7115,1
689,telemetry,54810.0,1.065,1.2548,1.0,1
690,event_candidate,54870.0,43.672,23.5793,0.2923,0
691,event_candidate,54870.0,32.943,26.6458,0.3267,0
692,telemetry,55080.0,1.196,0.6026,1.0,1
693,event_candidate,55110.0,34.337,21.6889,0.2561,0
694,event_candidate,55140.0,44.759,23.6935,0.3701,0
695,telemetry,55320.0,0.99,1.1689,1.0,1
696,telemetry,55680.0,0.929,0.7908,1.0,1
697,telemetry,55860.0,0.861,1.4983,1.0,1
698,event_candidate,55890.0,37.571,22.8217,0.151,0
699,science_log,55890.0,10.252,1.8516,0.9716,1
700,telemetry,56130.0,1.004,0.8441,1.0,1
701,event_candidate,56370.0,37.832,24.6341,0.269,1
702,event_candidate,56610.0,34.553,30.3533,0.3135,0
703,event_candidate,56670.0,32.525,27.5927,0.0458,0
704,event_candidate,56730.0,38.012,34.2029,0.2492,0
705,telemetry,56790.0,0.945,1.0788,1.0,1
706,telemetry,56880.0,1.009,0.9749,1.0,1
707,optical_image,56970.0,324.442,5.7611,0.6161,0
708,telemetry,56970.0,1.118,0.8239,1.0,1
709,optical_image,57000.0,262.339,8.0652,0.5236,1
710,telemetry,57000.0,0.987,0.5431,1.0,1
711,optical_image,57060.0,351.132,13.4104,0.4433,0
712,event_candidate,57210.0,35.153,21.3668,0.1039,0
713,event_candidate,57330.0,33.716,32.3849,0.4426,1
714,science_log,57330.0,8.662,0.7834,0.9224,1
715,science_log,57390.0,11.856,1.2048,0.9823,1
716,optical_image,57420.0,265.972,11.1154,0.61,1
717,science_log,57540.0,8.52,0.8431,0.9245,1
718,optical_image,57600.0,309.541,9.7844,0.6503,1
719,event_candidate,57720.0,42.395,23.6836,0.8583,1
720,optical_image,57750.0,308.954,8.5814,0.6305,0
721,event_candidate,57810.0,36.53,39.4422,0.588,1
722,hyperspectral_cube,57840.0,943.76,11.3098,0.8982,1
723,science_log,57960.0,9.337,1.1396,0.99,1
724,science_log,58080.0,8.478,0.9798,0.9872,1
725,telemetry,58110.0,1.009,0.7091,1.0,1
726,optical_image,58140.0,245.442,5.9621,0.4097,0
727,event_candidate,58140.0,42.325,15.2693,0.248,0
728,telemetry,58140.0,1.057,1.4638,1.0,1
729,optical_image,58320.0,279.548,7.1773,0.3396,0
730,telemetry,58380.0,0.966,1.14,1.0,1
731,science_log,58440.0,11.888,2.0549,0.9879,1
732,telemetry,58440.0,1.124,0.9946,1.0,1
733,telemetry,58470.0,1.116,0.9549,1.0,1
734,science_log,58500.0,9.059,1.1481,0.8972,1
735,telemetry,58560.0,0.988,1.2186,1.0,1
736,science_log,58590.0,11.167,1.8026,0.9427,1
737,event_candidate,58650.0,35.756,33.1494,0.5118,0
738,telemetry,58650.0,1.19,1.1513,1.0,1
739,optical_image,58710.0,248.669,6.7383,0.3637,1
740,telemetry,58950.0,0.985,0.6476,1.0,1
741,event_candidate,58980.0,43.315,44.1499,0.6289,1
742,telemetry,59010.0,0.904,0.8648,1.0,1
743,event_candidate,59100.0,36.078,37.7442,0.4759,1
744,optical_image,59130.0,283.917,9.6265,0.8993,1
745,optical_image,59220.0,302.57,14.6589,0.8916,1
746,event_candidate,59220.0,47.839,43.2386,0.0705,0
747,telemetry,59220.0,1.12,0.7743,1.0,1
748,science_log,59280.0,11.65,0.7972,0.8162,0
749,event_candidate,59310.0,41.161,25.9042,0.7063,0
750,event_candidate,59430.0,36.842,23.631,0.2423,0
751,science_log,59460.0,10.548,2.2287,0.8348,1
752,event_candidate,59490.0,40.311,27.947,0.6524,0
753,hyperspectral_cube,59610.0,757.462,9.2167,0.5802,0
754,event_candidate,59610.0,41.559,15.9591,0.2437,0
755,science_log,59700.0,11.949,1.0163,0.99,1
756,science_log,59730.0,8.373,1.0816,0.9235,1
757,event_candidate,59760.0,36.137,20.6183,0.0389,0
758,optical_image,59850.0,358.123,11.8687,0.1391,0
759,telemetry,59850.0,0.852,1.3459,1.0,1
760,event_candidate,59910.0,45.689,24.7179,0.3027,0
761,telemetry,59910.0,1.075,1.0138,1.0,1
762,event_candidate,60060.0,47.881,27.067,0.6641,1
763,event_candidate,60090.0,47.483,38.9611,0.5585,1
764,event_candidate,60270.0,44.812,22.5924,0.331,1
765,event_candidate,60300.0,41.427,28.5439,0.2385,1
766,science_log,60300.0,8.993,0.8298,0.8862,1
767,hyperspectral_cube,60390.0,827.902,12.3198,0.6752,1
768,science_log,60510.0,8.198,1.9459,0.8648,1
769,event_candidate,60600.0,32.414,34.5733,0.5654,0
770,event_candidate,60690.0,36.373,32.2549,0.1929,1
771,science_log,60780.0,8.254,2.0929,0.8926,1
772,event_candidate,60960.0,36.242,40.0092,0.6259,1
773,science_log,61230.0,10.677,2.2164,0.9841,1
774,event_candidate,61290.0,35.66,29.9407,0.2478,0
775,science_log,61320.0,11.271,0.8509,0.99,1
776,telemetry,61440.0,1.143,0.9943,1.0,1
777,science_log,61710.0,11.515,1.2796,0.7146,1
778,telemetry,61860.0,1.195,1.2135,1.0,1
779,event_candidate,61950.0,44.144,36.7435,0.3989,0
780,event_candidate,62340.0,43.236,16.0141,0.1897,0
781,science_log,62520.0,8.402,1.1032,0.9455,1
782,optical_image,62580.0,349.554,6.8847,0.8613,1
783,event_candidate,62580.0,47.14,36.8823,0.8074,1
784,event_candidate,62580.0,37.617,39.01,0.4558,1
785,telemetry,62580.0,1.019,1.4729,1.0,1
786,science_log,62670.0,11.234,1.1059,0.8253,0
787,event_candidate,62700.0,35.132,28.4712,0.8559,1
788,hyperspectral_cube,62730.0,805.634,23.2141,0.8426,1
789,science_log,62790.0,11.929,1.5842,0.8216,1
790,science_log,62880.0,8.813,1.1785,0.9293,1
791,event_candidate,63120.0,47.003,15.8326,0.2181,0
792,telemetry,63180.0,0.854,1.3677,1.0,1
793,telemetry,63240.0,0.945,0.7128,1.0,1
794,telemetry,63270.0,0.854,1.3434,1.0,1
795,science_log,63300.0,11.053,1.9177,0.9638,1
796,telemetry,63300.0,0.9,1.4852,1.0,1
797,telemetry,63390.0,0.962,0.6838,1.0,1
798,event_candidate,63420.0,33.385,41.4746,0.1353,0
799,telemetry,63450.0,1.091,0.7084,1.0,1
800,science_log,63480.0,11.769,1.3547,0.8747,1
801,telemetry,63570.0,1.186,1.3698,1.0,1
802,event_candidate,63660.0,40.354,35.5939,0.4779,1
803,telemetry,63660.0,1.042,1.4127,1.0,1
804,event_candidate,63840.0,40.038,28.515,0.4714,0
805,science_log,63840.0,9.383,1.5637,0.9749,1
806,science_log,63900.0,11.447,1.6133,0.99,1
807,event_candidate,63930.0,46.869,32.9203,0.2316,0
808,telemetry,63930.0,1.134,0.896,1.0,1
809,hyperspectral_cube,63990.0,701.763,16.6808,0.9732,1
810,science_log,63990.0,10.037,1.1931,0.99,1
811,event_candidate,64080.0,41.771,34.0888,0.1098,0
812,telemetry,64170.0,0.874,0.9511,1.0,1
813,science_log,64260.0,11.106,0.7892,0.8896,1
814,event_candidate,64290.0,34.818,22.2538,0.0263,0
815,event_candidate,64320.0,36.549,36.5257,0.5964,1
816,optical_image,64590.0,249.882,11.352,0.2354,0
817,event_candidate,64740.0,39.414,31.4426,0.5135,1
818,telemetry,64950.0,1.104,1.3359,1.0,1
819,event_candidate,65010.0,35.001,40.4525,0.6174,0
820,optical_image,65130.0,299.648,7.2102,0.7092,0
821,telemetry,65160.0,0.853,0.8982,1.0,1
822,optical_image,65280.0,344.69,9.9676,0.7327,1
823,event_candidate,65310.0,46.181,32.9993,0.6568,1
824,science_log,65430.0,9.385,0.7682,0.9439,1
825,telemetry,65460.0,1.182,1.0687,1.0,1
826,optical_image,65580.0,346.783,6.4618,0.6573,0
827,hyperspectral_cube,65700.0,793.043,10.1543,0.963,1
828,telemetry,65700.0,1.044,1.1959,1.0,1
829,event_candidate,65850.0,45.179,41.7629,0.0947,0
830,event_candidate,65880.0,42.131,30.0644,0.2402,1
831,event_candidate,65910.0,44.283,26.9355,0.5098,0
832,telemetry,65940.0,1.125,1.4986,1.0,1
833,event_candidate,65970.0,35.999,40.249,0.763,1
834,event_candidate,66000.0,33.581,39.795,0.2876,0
835,telemetry,66150.0,1.187,1.4789,1.0,1
836,event_candidate,66210.0,38.276,15.0547,0.4294,1
837,science_log,66300.0,8.33,2.0212,0.99,1
838,science_log,66360.0,11.884,2.2089,0.6738,1
839,event_candidate,66630.0,38.596,27.0192,0.2381,1
840,event_candidate,66630.0,36.929,19.6702,0.7278,1
841,telemetry,66660.0,0.876,1.4108,1.0,1
842,event_candidate,66870.0,47.489,40.0801,0.7468,1
843,event_candidate,66930.0,43.513,21.3665,0.2132,0
844,event_candidate,67140.0,36.106,30.5914,0.7799,1
845,telemetry,67140.0,1.02,0.5097,1.0,1
846,event_candidate,67440.0,37.487,42.0653,0.3965,1
847,telemetry,67470.0,0.992,0.8235,1.0,1
848,event_candidate,67500.0,39.941,38.5124,0.0808,0
849,science_log,67500.0,11.827,1.087,0.9196,1
850,event_candidate,67590.0,39.598,38.8728,0.8058,0
851,event_candidate,67590.0,46.786,29.5406,0.6199,0
852,event_candidate,67650.0,34.029,40.8274,0.2901,1
853,telemetry,67860.0,0.877,0.8678,1.0,1
854,event_candidate,67920.0,36.156,34.7208,0.5009,0
855,telemetry,67920.0,0.963,0.6833,1.0,1
856,event_candidate,68100.0,33.152,38.3518,0.2207,1
857,science_log,68100.0,11.863,1.7771,0.8693,1
858,science_log,68100.0,10.373,1.3808,0.9761,1
859,event_candidate,68190.0,38.218,40.9546,0.5564,0
860,telemetry,68340.0,0.952,0.6553,1.0,1
861,optical_image,68610.0,257.173,9.6355,0.4967,1
862,telemetry,68670.0,1.124,0.7561,1.0,1
863,event_candidate,68730.0,39.953,19.6935,0.2699,1
864,telemetry,68730.0,0.915,0.8371,1.0,1
865,event_candidate,68760.0,37.566,15.0723,0.3731,0
866,telemetry,68850.0,1.124,0.674,1.0,1
867,optical_image,68910.0,297.188,7.2483,0.3187,0
868,event_candidate,68970.0,40.524,40.2463,0.648,0
869,event_candidate,69090.0,32.006,19.0489,0.7152,1
870,optical_image,69180.0,303.3,7.9812,0.634,0
871,event_candidate,69270.0,47.349,16.7591,0.3772,1
872,optical_image,69420.0,274.257,6.5,0.6317,1
873,event_candidate,69420.0,38.784,15.7638,0.4265,1
874,telemetry,69420.0,1.146,0.5231,1.0,1
875,optical_image,69480.0,248.172,5.8123,0.9076,1
876,event_candidate,69480.0,35.699,27.1036,0.1051,0
877,event_candidate,69540.0,43.956,16.1252,0.1826,0
878,event_candidate,69570.0,40.794,34.4136,0.6171,1
879,event_candidate,69870.0,38.078,30.7542,0.4878,1
880,optical_image,69930.0,355.692,14.6524,0.5726,1
881,event_candidate,69990.0,41.836,40.7564,0.3313,0
882,telemetry,70020.0,1.023,1.1872,1.0,1
883,event_candidate,70080.0,35.338,27.7222,0.3462,0
884,science_log,70140.0,9.852,0.9489,0.99,1
885,telemetry,70290.0,1.01,1.4969,1.0,1
886,telemetry,70380.0,0.865,1.0534,1.0,1
887,telemetry,70410.0,1.094,1.3134,1.0,1
888,telemetry,70440.0,0.901,1.3653,1.0,1
889,telemetry,70560.0,1.074,1.3435,1.0,1
890,telemetry,70650.0,1.12,0.5168,1.0,1
891,event_candidate,70740.0,44.258,24.2201,0.0569,0
892,event_candidate,70920.0,35.58,18.4503,0.7923,0
893,event_candidate,70920.0,35.715,31.9196,0.5859,1
894,event_candidate,70950.0,45.477,27.083,0.3489,0
895,science_log,70950.0,10.64,2.0353,0.7746,0
896,event_candidate,71010.0,42.924,38.6722,0.2971,0
897,event_candidate,71310.0,44.093,36.9648,0.1069,0
898,optical_image,71580.0,304.796,14.0604,0.4789,1
899,telemetry,71580.0,0.984,0.6909,1.0,1
900,optical_image,71670.0,251.366,12.34,0.7612,1
901,science_log,71670.0,8.423,1.2085,0.9738,1
902,telemetry,71670.0,0.995,0.6095,1.0,1
903,hyperspectral_cube,71700.0,852.982,19.0835,0.9752,1
904,science_log,71790.0,9.289,1.1522,0.9738,1
905,hyperspectral_cube,71850.0,725.265,12.4598,0.8915,1
906,optical_image,71880.0,270.05,13.9988,0.2367,0
907,optical_image,71970.0,309.316,10.6113,0.7357,0
908,optical_image,71970.0,308.872,13.1806,0.5994,1
909,telemetry,72090.0,1.073,0.6353,1.0,1
910,hyperspectral_cube,72360.0,716.168,23.6028,0.9628,1
911,science_log,72360.0,11.032,0.9032,0.9879,1
912,science_log,72510.0,10.641,1.8947,0.99,1
913,telemetry,72630.0,1.083,1.2536,1.0,1
914,event_candidate,72750.0,47.341,29.6193,0.1775,0
915,science_log,72750.0,10.4,1.3744,0.8491,0
916,event_candidate,72780.0,41.554,17.1736,0.5927,0
917,telemetry,72900.0,1.008,1.3078,1.0,1
918,telemetry,72900.0,0.902,0.6026,1.0,1
919,science_log,72930.0,8.47,0.9089,0.4881,0
920,event_candidate,73110.0,36.636,29.7915,0.3242,1
921,telemetry,73230.0,1.141,1.1978,1.0,1
922,science_log,73380.0,11.602,1.3235,0.99,1
923,event_candidate,73410.0,44.897,37.7952,0.6834,1
924,event_candidate,73440.0,37.028,17.2911,0.4168,0
925,telemetry,73440.0,1.179,0.8254,1.0,1
926,event_candidate,73560.0,41.583,30.7491,0.6343,0
927,event_candidate,73680.0,41.628,20.7785,0.9346,0
928,telemetry,73770.0,1.009,1.1678,1.0,1
929,event_candidate,74010.0,38.623,33.7535,0.4801,0
930,telemetry,74040.0,0.996,0.8125,1.0,1
931,event_candidate,74070.0,32.334,30.6611,0.4266,1
932,event_candidate,74190.0,32.727,41.4392,0.7514,1
933,event_candidate,74430.0,39.483,31.8731,0.2221,0
934,event_candidate,75000.0,42.592,38.1716,0.3782,0
935,event_candidate,75030.0,41.48,42.0408,0.121,0
936,event_candidate,75030.0,46.891,39.7111,0.1034,0
937,event_candidate,75030.0,33.842,17.738,0.6611,1
938,telemetry,75030.0,1.036,0.873,1.0,1
939,telemetry,75030.0,1.079,0.7372,1.0,1
940,event_candidate,75060.0,39.766,36.6024,0.7337,1
941,science_log,75090.0,11.267,1.9768,0.9671,1
942,telemetry,75180.0,0.833,1.0914,1.0,1
943,telemetry,75270.0,1.158,0.8823,1.0,1
944,telemetry,75330.0,1.16,1.4323,1.0,1
945,telemetry,75390.0,1.196,1.4878,1.0,1
946,telemetry,75420.0,1.171,1.3876,1.0,1
947,telemetry,75780.0,1.106,0.6288,1.0,1
948,telemetry,75840.0,0.863,0.5911,1.0,1
949,event_candidate,75900.0,45.595,43.9263,0.6541,1
950,hyperspectral_cube,76050.0,747.685,8.5444,0.8012,1
951,telemetry,76050.0,0.87,0.6165,1.0,1
952,hyperspectral_cube,76080.0,821.893,11.4658,0.9234,1
953,event_candidate,76170.0,39.559,26.3134,0.9254,1
954,optical_image,76470.0,310.764,7.4591,0.8843,1
955,event_candidate,76500.0,42.877,40.9107,0.4282,1
956,optical_image,76620.0,303.54,6.049,0.4619,0
957,optical_image,76710.0,249.493,8.16,0.6574,0
958,event_candidate,76770.0,36.727,27.3061,0.1188,0
959,event_candidate,76800.0,42.616,20.5351,0.255,0
960,event_candidate,76800.0,35.055,24.6038,0.5119,1
961,event_candidate,76830.0,40.142,38.3937,0.2213,0
962,event_candidate,76980.0,37.482,27.3019,0.6258,1
963,event_candidate,77010.0,32.884,36.056,0.7494,0
964,event_candidate,77190.0,44.555,31.5247,0.7189,1
965,hyperspectral_cube,77220.0,768.879,13.225,0.8596,1
966,optical_image,77250.0,350.035,9.1119,0.5574,1
967,telemetry,77280.0,1.028,0.6001,1.0,1
968,event_candidate,77310.0,37.825,35.0074,0.2349,0
969,telemetry,77310.0,1.037,0.6208,1.0,1
970,event_candidate,77550.0,35.216,34.6276,0.1241,0
971,event_candidate,77640.0,46.803,16.6651,0.2391,0
972,telemetry,77700.0,1.07,1.2088,1.0,1
973,telemetry,77700.0,1.028,1.3505,1.0,1
974,event_candidate,77790.0,32.542,28.8013,0.3351,0
975,optical_image,77970.0,322.49,9.361,0.7162,1
976,event_candidate,78180.0,43.671,28.6017,0.51,1
977,event_candidate,78420.0,43.929,30.9714,0.0497,0
978,science_log,78450.0,11.005,1.6795,0.8795,1
979,event_candidate,78630.0,37.023,37.9908,0.5096,0
980,telemetry,78750.0,1.046,0.9207,1.0,1
981,event_candidate,78870.0,32.605,39.4636,0.7467,1
982,event_candidate,78900.0,45.389,18.3293,0.8125,1
983,telemetry,78900.0,0.917,0.5702,1.0,1
984,event_candidate,78960.0,36.144,42.2863,0.2582,0
985,event_candidate,78990.0,46.736,27.137,0.2109,0
986,telemetry,79050.0,1.036,0.7283,1.0,1
987,science_log,79110.0,10.654,2.1532,0.99,1
988,science_log,79170.0,10.112,1.3543,0.6331,0
989,telemetry,79170.0,0.934,0.8644,1.0,1
990,science_log,79290.0,10.843,2.0603,0.9129,1
991,science_log,79320.0,10.781,2.1648,0.99,1
992,science_log,79470.0,8.466,1.3948,0.7409,1
993,event_candidate,79590.0,40.076,16.5778,0.4878,1
994,event_candidate,79620.0,36.604,44.532,0.3571,1
995,event_candidate,79710.0,41.337,35.7315,0.6711,1
996,event_candidate,79950.0,40.623,16.6771,0.5857,0
997,telemetry,79950.0,1.062,0.9371,1.0,1
998,event_candidate,80070.0,41.842,15.99,0.2848,0
999,science_log,80160.0,9.886,1.2314,0.99,1
1000,event_candidate,80190.0,32.998,36.8773,0.2693,1
1001,science_log,80190.0,10.233,1.4341,0.9242,1
1002,science_log,80190.0,11.707,1.6277,0.9447,0
1003,science_log,80310.0,8.142,1.0834,0.9616,1
1004,telemetry,80370.0,0.893,0.9708,1.0,1
1005,telemetry,80550.0,0.861,1.3955,1.0,1
1006,event_candidate,80580.0,38.963,27.0796,0.539,0
1007,science_log,80640.0,8.183,1.8071,0.9891,1
1008,telemetry,80730.0,1.188,0.9597,1.0,1
1009,hyperspectral_cube,80970.0,893.752,19.5054,0.6388,1
1010,optical_image,81150.0,263.329,11.242,0.7802,0
1011,optical_image,81210.0,321.19,5.9379,0.6675,1
1012,hyperspectral_cube,81270.0,724.884,22.0474,0.9528,1
1013,science_log,81300.0,11.468,1.0024,0.99,1
1014,telemetry,81360.0,0.812,1.2227,1.0,1
1015,event_candidate,81420.0,32.32,15.9642,0.3608,0
1016,telemetry,81420.0,1.146,0.8634,1.0,1
1017,optical_image,81480.0,294.552,13.0555,0.7636,1
1018,optical_image,81480.0,354.7,14.703,0.644,1
1019,science_log,81480.0,9.122,2.1386,0.9638,1
1020,optical_image,81720.0,359.35,10.3206,0.4722,0
1021,science_log,81750.0,9.799,1.8454,0.6871,1
1022,science_log,81810.0,9.749,1.3536,0.9734,0
1023,event_candidate,81960.0,45.718,22.4139,0.3313,1
1024,science_log,81960.0,9.924,1.1019,0.8396,1
1025,optical_image,82020.0,294.267,7.0752,0.8299,1
1026,event_candidate,82020.0,32.195,16.362,0.3924,0
1027,hyperspectral_cube,82050.0,834.817,19.5669,0.7744,0
1028,event_candidate,82050.0,38.656,33.5525,0.305,0
1029,optical_image,82170.0,347.438,11.9711,0.6968,0
1030,telemetry,82170.0,1.053,0.7495,1.0,1
1031,optical_image,82290.0,342.048,5.1153,0.8457,1
1032,telemetry,82350.0,0.968,0.573,1.0,1
1033,telemetry,82410.0,0.982,0.9848,1.0,1
1034,science_log,82440.0,11.063,1.5606,0.824,1
1035,telemetry,82560.0,1.093,1.0479,1.0,1
1036,science_log,82590.0,11.255,1.6163,0.9279,1
1037,telemetry,82620.0,1.017,1.0012,1.0,1
1038,hyperspectral_cube,82680.0,794.723,8.2965,0.8439,1
1039,optical_image,82710.0,246.89,6.2479,0.9391,1
1040,telemetry,82710.0,0.963,1.3448,1.0,1
1041,science_log,82770.0,10.083,1.3607,0.99,1
1042,event_candidate,82800.0,33.764,20.3036,0.179,0
1043,telemetry,82920.0,1.139,1.4198,1.0,1
1044,event_candidate,82980.0,47.624,39.6533,0.3594,0
1045,science_log,82980.0,9.849,2.1759,0.9228,1
1046,event_candidate,83010.0,39.333,23.3234,0.4522,0
1047,optical_image,83040.0,247.799,7.3044,0.7267,0
1048,event_candidate,83070.0,42.835,19.2458,0.1791,0
1049,event_candidate,83220.0,43.589,27.8775,0.3701,0
1050,science_log,83280.0,10.742,1.1076,0.9435,1
1051,event_candidate,83430.0,45.162,25.9459,0.3881,0
1052,event_candidate,83640.0,39.661,18.5349,0.3376,0
1053,telemetry,83640.0,0.854,1.4345,1.0,1
1054,event_candidate,83670.0,45.332,41.9827,0.5397,0
1055,optical_image,83700.0,252.54,10.8025,0.7669,0
1056,event_candidate,83730.0,43.381,33.2927,0.7872,1
1057,optical_image,83790.0,323.088,10.332,0.4253,1
1058,telemetry,83820.0,1.198,1.0691,1.0,1
1059,optical_image,83880.0,335.849,11.1917,0.7489,1
1060,telemetry,83880.0,1.084,0.5851,1.0,1
1061,optical_image,83970.0,353.955,10.5539,0.5375,0
1062,optical_image,84000.0,274.714,9.8001,0.8081,1
1063,telemetry,84090.0,1.08,0.5545,1.0,1
1064,event_candidate,84240.0,35.518,20.7486,0.5511,0
1065,optical_image,84270.0,261.358,7.3476,0.4092,1
1066,optical_image,84330.0,330.281,9.3775,0.965,1
1067,event_candidate,84420.0,34.908,17.7949,0.4821,0
1068,telemetry,84660.0,0.878,0.725,1.0,1
1069,science_log,84690.0,9.705,0.8752,0.8077,1
1070,event_candidate,84720.0,45.824,38.7326,0.3558,0
1071,science_log,84720.0,8.451,1.4519,0.9199,0
1072,telemetry,84750.0,0.994,1.2553,1.0,1
1073,science_log,84840.0,11.175,1.8752,0.9264,1
1074,telemetry,84930.0,1.057,0.7327,1.0,1
1075,event_candidate,85080.0,40.715,37.1868,0.4574,0
1076,telemetry,85080.0,1.041,1.4773,1.0,1
1077,science_log,85170.0,8.644,1.5558,0.99,1
1078,event_candidate,85290.0,47.39,16.9022,0.7188,1
1079,event_candidate,85380.0,38.349,29.6046,0.5732,1
1080,event_candidate,85410.0,38.0,30.2355,0.4059,1
1081,event_candidate,85500.0,47.471,23.0916,0.2544,0
1082,science_log,85560.0,9.225,1.8316,0.8957,0
1083,science_log,85680.0,11.817,1.4976,0.99,1
1084,science_log,85830.0,11.155,1.6506,0.99,1
1085,telemetry,85830.0,0.852,0.5688,1.0,1
1086,telemetry,85860.0,0.901,1.1533,1.0,1
1087,event_candidate,85950.0,37.471,31.3391,0.4493,0
1088,telemetry,86070.0,1.183,0.7854,1.0,1
1089,telemetry,86190.0,1.102,1.1937,1.0,1
1090,event_candidate,86280.0,46.99,19.1873,0.5835,1
