start_s,end_s
3595.0,5645.0
9635.0,11685.0
15685.0,17725.0
21725.0,23765.0
27765.0,29815.0
33805.0,35855.0
39855.0,41895.0
45895.0,47935.0
51935.0,53985.0
57975.0,60025.0
64025.0,66065.0
70065.0,72105.0
76105.0,78155.0
82145.0,84195.0
88195.0,90235.0
94235.0,96275.0
100275.0,102325.0
106315.0,108365.0
112365.0,114405.0
118405.0,120445.0
124445.0,126495.0
130485.0,132535.0
136535.0,138575.0
142575.0,144615.0
148615.0,150665.0
154655.0,156705.0
160705.0,162745.0
166745.0,168785.0
172785.0,174835.0
178825.0,180875.0
184875.0,186915.0
190915.0,192955.0
196955.0,199005.0
202995.0,205045.0
209045.0,211085.0
215085.0,217125.0
221125.0,223165.0
227165.0,229215.0
233215.0,235255.0
239255.0,241295.0
245295.0,247335.0
251335.0,253385.0
257375.0,259425.0
263425.0,265465.0
269465.0,271505.0
275505.0,277555.0
281545.0,283595.0
287595.0,289635.0
293635.0,295675.0
299675.0,301725.0
305715.0,307765.0
311765.0,313805.0
317805.0,319845.0
323845.0,325895.0
329885.0,331935.0
335935.0,337975.0
341975.0,344015.0
348015.0,350065.0
354055.0,356105.0
360105.0,362145.0
366145.0,368185.0
372185.0,374235.0
378225.0,380275.0
384275.0,386315.0
390315.0,392355.0
396355.0,398405.0
402395.0,404445.0
408445.0,410485.0
414485.0,416525.0
420525.0,422575.0
426565.0,428615.0
432615.0,434655.0
438655.0,440695.0
444695.0,446745.0
450735.0,452785.0
456785.0,458825.0
462825.0,464865.0
468865.0,470915.0
474905.0,476955.0
480955.0,482995.0
486995.0,489035.0
493035.0,495085.0
499075.0,501125.0
505115.0,507165.0
511165.0,513205.0
517205.0,519255.0
523245.0,525295.0
529285.0,531335.0
535335.0,537375.0
541375.0,543415.0
547415.0,549465.0
553455.0,555505.0
559505.0,561545.0
565545.0,567585.0
571585.0,573635.0
577625.0,579675.0
583675.0,585715.0
589715.0,591755.0
595755.0,597805.0
601795.0,603845.0
607845.0,609885.0
613885.0,615925.0
619925.0,621975.0
625965.0,628015.0
632015.0,634055.0
638055.0,640095.0
644095.0,646145.0
650135.0,652185.0
656185.0,658225.0
662225.0,664265.0
668265.0,670315.0
674305.0,676355.0
680355.0,682395.0
686395.0,688435.0
692435.0,694485.0
698475.0,700525.0
704525.0,706565.0
710565.0,712605.0
716605.0,718655.0
722645.0,724695.0
728695.0,730735.0
734735.0,736775.0
740775.0,742825.0
746815.0,748865.0
752855.0,754905.0
758905.0,760945.0
764945.0,766995.0
770985.0,773035.0
777025.0,779075.0
783075.0,785115.0
789115.0,791165.0
795155.0,797205.0
801195.0,803245.0
807245.0,809285.0
813285.0,815325.0
819325.0,821375.0
825365.0,827415.0
831415.0,833455.0
837455.0,839495.0
843495.0,845545.0
849535.0,851585.0
855585.0,857625.0
861625.0,863665.0
867665.0,869715.0
873705.0,875755.0
879755.0,881795.0
885795.0,887835.0
891835.0,893885.0
897875.0,899925.0
903925.0,905965.0
909965.0,912005.0
916005.0,918055.0
922045.0,924095.0
928095.0,930135.0
934135.0,936175.0
940175.0,942225.0
946215.0,948265.0
952255.0,954305.0
958305.0,960345.0
964345.0,966395.0
970385.0,972435.0
976425.0,978475.0
982475.0,984515.0
988515.0,990565.0
994555.0,996605.0
1000595.0,1002645.0
1006645.0,1008685.0
1012685.0,1014735.0
1018725.0,1020775.0
1024765.0,1026815.0
1030815.0,1032855.0
1036855.0,1038895.0
1042895.0,1044945.0
1048935.0,1050985.0
1054985.0,1057025.0
1061025.0,1063065.0
1067065.0,1069115.0
1073105.0,1075155.0
1079155.0,1081195.0
1085195.0,1087235.0
1091235.0,1093285.0
1097275.0,1099325.0
1103325.0,1105365.0
1109365.0,1111405.0
1115405.0,1117455.0
1121445.0,1123495.0
1127495.0,1129535.0
1133535.0,1135575.0
1139575.0,1141625.0
1145615.0,1147665.0
1151655.0,1153705.0
1157705.0,1159745.0
1163745.0,1165795.0
1169785.0,1171835.0
1175825.0,1177875.0
1181875.0,1183915.0
1187915.0,1189965.0
1193955.0,1196005.0
1199995.0,1202045.0
1206045.0,1208085.0
1212085.0,1214135.0
1218125.0,1220175.0
1224165.0,1226215.0
1230215.0,1232255.0
1236255.0,1238295.0
1242295.0,1244345.0
1248335.0,1250385.0
1254385.0,1256425.0
1260425.0,1262465.0
1266465.0,1268515.0
1272505.0,1274555.0
1278555.0,1280595.0
1284595.0,1286635.0
1290635.0,1292685.0
1296675.0,1298725.0
1302715.0,1304765.0
1308765.0,1310805.0
1314805.0,1316855.0
1320845.0,1322895.0
1326885.0,1328935.0
1332935.0,1334975.0
1338975.0,1341025.0
1345015.0,1347065.0
1351055.0,1353105.0
1357105.0,1359145.0
1363145.0,1365195.0
1369185.0,1371235.0
1375225.0,1377275.0
1381275.0,1383315.0
1387315.0,1389365.0
1393355.0,1395405.0
1399395.0,1401445.0
1405445.0,1407485.0
1411485.0,1413525.0
1417525.0,1419575.0
1423565.0,1425615.0
1429615.0,1431655.0
1435655.0,1437695.0
1441695.0,1443745.0
1447735.0,1449785.0
1453785.0,1455825.0
1459825.0,1461865.0
1465865.0,1467915.0
1471905.0,1473955.0
1477945.0,1479995.0
1483995.0,1486035.0
1490035.0,1492085.0
1496075.0,1498125.0
1502115.0,1504165.0
1508165.0,1510205.0
1514205.0,1516255.0
1520245.0,1522295.0
1526285.0,1528335.0
1532335.0,1534375.0
1538375.0,1540425.0
1544415.0,1546465.0
1550455.0,1552505.0
1556505.0,1558545.0
1562545.0,1564595.0
1568585.0,1570635.0
1574625.0,1576675.0
1580675.0,1582715.0
1586715.0,1588755.0
1592755.0,1594805.0
1598795.0,1600845.0
1604845.0,1606885.0
1610885.0,1612925.0
1616925.0,1618975.0
1622965.0,1625015.0
1629005.0,1631055.0
1635055.0,1637095.0
1641095.0,1643145.0
1647135.0,1649185.0
1653175.0,1655225.0
1659225.0,1661265.0
1665265.0,1667315.0
1671305.0,1673355.0
1677345.0,1679395.0
1683395.0,1685435.0
1689435.0,1691485.0
1695475.0,1697525.0
1701515.0,1703565.0
1707565.0,1709605.0
1713605.0,1715655.0
1719645.0,1721695.0
1725685.0,1727735.0
1731735.0,1733775.0
1737775.0,1739815.0
1743815.0,1745865.0
1749855.0,1751905.0
1755895.0,1757945.0
1761945.0,1763985.0
1767985.0,1770035.0
1774025.0,1776075.0
1780065.0,1782115.0
1786115.0,1788155.0
1792155.0,1794205.0
1798195.0,1800245.0
1804235.0,1806285.0
1810285.0,1812325.0
1816325.0,1818375.0
1822365.0,1824415.0
1828405.0,1830455.0
1834455.0,1836495.0
1840495.0,1842545.0
1846535.0,1848585.0
1852575.0,1854625.0
1858625.0,1860665.0
1864665.0,1866715.0
1870705.0,1872755.0
1876745.0,1878795.0
1882795.0,1884835.0
1888835.0,1890875.0
1894875.0,1896925.0
1900915.0,1902965.0
1906955.0,1909005.0
1913005.0,1915045.0
1919045.0,1921095.0
1925085.0,1927135.0
1931125.0,1933175.0
1937175.0,1939215.0
1943215.0,1945265.0
1949255.0,1951305.0
1955295.0,1957345.0
1961345.0,1963385.0
1967385.0,1969435.0
1973425.0,1975475.0
1979465.0,1981515.0
1985515.0,1987555.0
1991555.0,1993605.0
1997595.0,1999645.0
2003635.0,2005685.0
2009675.0,2011725.0
2015725.0,2017765.0
2021765.0,2023815.0
2027805.0,2029855.0
2033845.0,2035895.0
2039895.0,2041935.0
2045935.0,2047985.0
2051975.0,2054025.0
2058015.0,2060065.0
2064065.0,2066105.0
2070105.0,2072155.0
2076145.0,2078195.0
2082185.0,2084235.0
2088235.0,2090275.0
2094275.0,2096325.0
2100315.0,2102365.0
2106355.0,2108405.0
2112405.0,2114445.0
2118445.0,2120495.0
2124485.0,2126535.0
2130525.0,2132575.0
2136565.0,2138615.0
2142615.0,2144655.0
2148655.0,2150705.0
2154695.0,2156745.0
2160735.0,2162785.0
2166785.0,2168825.0
2172825.0,2174875.0
2178865.0,2180915.0
2184905.0,2186955.0
2190955.0,2192995.0
2196995.0,2199045.0
2203035.0,2205085.0
2209075.0,2211125.0
2215125.0,2217165.0
2221165.0,2223215.0
2227205.0,2229255.0
2233245.0,2235295.0
2239295.0,2241335.0
2245335.0,2247375.0
2251375.0,2253425.0
2257415.0,2259465.0
2263455.0,2265505.0
2269505.0,2271545.0
2275545.0,2277595.0
2281585.0,2283635.0
2287625.0,2289675.0
2293675.0,2295715.0
2299715.0,2301765.0
2305755.0,2307805.0
2311795.0,2313845.0
2317845.0,2319885.0
2323885.0,2325935.0
2329925.0,2331975.0
2335965.0,2338015.0
2342015.0,2344055.0
2348055.0,2350095.0
2354095.0,2356145.0
2360135.0,2362185.0
2366175.0,2368225.0
2372225.0,2374265.0
2378265.0,2380315.0
2384305.0,2386355.0
2390345.0,2392395.0
2396395.0,2398435.0
2402435.0,2404485.0
2408475.0,2410525.0
2414515.0,2416565.0
2420565.0,2422605.0
2426605.0,2428655.0
2432645.0,2434695.0
2438685.0,2440735.0
2444735.0,2446775.0
2450775.0,2452815.0
2456815.0,2458865.0
2462855.0,2464905.0
2468895.0,2470945.0
2474945.0,2476985.0
2480985.0,2483035.0
2487025.0,2489075.0
2493065.0,2495115.0
2499115.0,2501155.0
2505155.0,2507205.0
2511195.0,2513245.0
2517235.0,2519285.0
2523285.0,2525325.0
2529325.0,2531375.0
2535365.0,2537415.0
2541405.0,2543455.0
2547455.0,2549495.0
2553495.0,2555535.0
2559535.0,2561585.0
2565575.0,2567625.0
2571615.0,2573665.0
2577665.0,2579705.0
2583705.0,2585755.0
2589745.0,2591795.0
2595785.0,2597835.0
2601835.0,2603875.0
2607875.0,2609925.0
2613915.0,2615965.0
2619955.0,2622005.0
2626005.0,2628045.0
2632045.0,2634095.0
2638085.0,2640135.0
2644125.0,2646175.0
2650165.0,2652215.0
2656215.0,2658255.0
2662255.0,2664305.0
2668295.0,2670345.0
2674335.0,2676385.0
2680385.0,2682425.0
2686425.0,2688475.0
2692465.0,2694515.0
2698505.0,2700555.0
2704555.0,2706595.0
2710595.0,2712645.0
2716635.0,2718685.0
2722675.0,2724725.0
2728725.0,2730765.0
2734765.0,2736805.0
2740805.0,2742855.0
2746845.0,2748895.0
2752885.0,2754935.0
2758935.0,2760975.0
2764975.0,2767025.0
2771015.0,2773065.0
2777055.0,2779105.0
2783105.0,2785145.0
2789145.0,2791195.0
2795185.0,2797235.0
2801225.0,2803275.0
2807275.0,2809315.0
2813315.0,2815365.0
2819355.0,2821405.0
2825395.0,2827445.0
2831445.0,2833485.0
2837485.0,2839525.0
2843525.0,2845575.0
2849565.0,2851615.0
2855605.0,2857655.0
2861655.0,2863695.0
2867695.0,2869745.0
2873735.0,2875785.0
2879775.0,2881825.0
2885825.0,2887865.0
2891865.0,2893915.0
2897905.0,2899955.0
2903945.0,2905995.0
2909995.0,2912035.0
2916035.0,2918075.0
2922075.0,2924125.0
2928115.0,2930165.0
2934155.0,2936205.0
2940205.0,2942245.0
2946245.0,2948295.0
2952285.0,2954335.0
2958325.0,2960375.0
2964375.0,2966415.0
2970415.0,2972465.0
2976455.0,2978505.0
2982495.0,2984545.0
2988545.0,2990585.0
2994585.0,2996625.0
3000625.0,3002675.0
3006665.0,3008715.0
3012705.0,3014755.0
3018755.0,3020795.0
3024795.0,3026845.0
3030835.0,3032885.0
3036875.0,3038925.0
3042925.0,3044965.0
3048965.0,3051015.0
3055005.0,3057055.0
3061045.0,3063095.0
3067095.0,3069135.0
3073135.0,3075175.0
3079175.0,3081225.0
3085215.0,3087265.0
3091255.0,3093305.0
3097305.0,3099345.0
3103345.0,3105395.0
3109385.0,3111435.0
3115425.0,3117475.0
3121475.0,3123515.0
3127515.0,3129565.0
3133555.0,3135605.0
3139595.0,3141645.0
3145645.0,3147685.0
3151685.0,3153725.0
3157725.0,3159775.0
3163765.0,3165815.0
3169805.0,3171855.0
3175855.0,3177895.0
3181895.0,3183945.0
3187935.0,3189985.0
3193975.0,3196025.0
3200025.0,3202065.0
3206065.0,3208115.0
3212105.0,3214155.0
3218145.0,3220195.0
3224195.0,3226235.0
3230235.0,3232275.0
3236275.0,3238325.0
3242315.0,3244365.0
3248355.0,3250405.0
3254405.0,3256445.0
3260445.0,3262495.0
3266485.0,3268535.0
3272525.0,3274575.0
3278575.0,3280615.0
3284615.0,3286665.0
3290655.0,3292705.0
3296695.0,3298745.0
3302745.0,3304785.0
3308785.0,3310825.0
3314825.0,3316875.0
3320865.0,3322915.0
3326905.0,3328955.0
3332955.0,3334995.0
3338995.0,3341045.0
3345035.0,3347085.0
3351075.0,3353125.0
3357125.0,3359165.0
3363165.0,3365205.0
3369205.0,3371255.0
3375245.0,3377295.0
3381295.0,3383335.0
3387335.0,3389375.0
3393375.0,3395425.0
3399415.0,3401465.0
3405455.0,3407505.0
3411505.0,3413545.0
3417545.0,3419595.0
3423585.0,3425635.0
3429625.0,3431675.0
3435675.0,3437715.0
3441715.0,3443755.0
3447755.0,3449805.0
3453795.0,3455845.0
3459845.0,3461885.0
3465885.0,3467925.0
3471925.0,3473975.0
3477965.0,3480015.0
3484005.0,3486055.0
3490055.0,3492095.0
3496095.0,3498145.0
3502135.0,3504185.0
3508175.0,3510225.0
3514225.0,3516265.0
3520265.0,3522305.0
3526305.0,3528355.0
3532345.0,3534395.0
3538385.0,3540435.0
3544435.0,3546475.0
3550475.0,3552525.0
3556515.0,3558565.0
3562555.0,3564605.0
3568605.0,3570645.0
3574645.0,3576685.0
3580685.0,3582735.0
3586725.0,3588775.0
3592775.0,3594815.0
3598815.0,3600855.0
3604855.0,3606905.0
3610895.0,3612945.0
3616935.0,3618985.0
3622985.0,3625025.0
3629025.0,3631065.0
3635065.0,3637115.0
3641105.0,3643155.0
3647155.0,3649195.0
3653195.0,3655235.0
3659235.0,3661285.0
3665275.0,3667325.0
3671315.0,3673365.0
3677365.0,3679405.0
3683405.0,3685455.0
3689445.0,3691495.0
3695485.0,3697535.0
3701535.0,3703575.0
3707575.0,3709615.0
3713615.0,3715665.0
3719655.0,3721705.0
3725705.0,3727745.0
3731745.0,3733785.0
3737785.0,3739835.0
3743825.0,3745875.0
3749865.0,3751915.0
3755915.0,3757955.0
3761955.0,3763995.0
3767995.0,3770045.0
3774035.0,3776085.0
3780085.0,3782125.0
3786125.0,3788165.0
3792165.0,3794215.0
3798205.0,3800255.0
3804245.0,3806295.0
3810295.0,3812335.0
3816335.0,3818375.0
3822375.0,3824425.0
3828415.0,3830465.0
3834465.0,3836505.0
3840505.0,3842545.0
3846545.0,3848595.0
3852585.0,3854635.0
3858625.0,3860675.0
3864675.0,3866715.0
3870715.0,3872755.0
3876755.0,3878805.0
3882795.0,3884845.0
3888845.0,3890885.0
3894885.0,3896925.0
3900925.0,3902975.0
3906965.0,3909015.0
3913015.0,3915055.0
3919055.0,3921095.0
3925095.0,3927135.0
3931135.0,3933185.0
3937175.0,3939225.0
3943225.0,3945265.0
3949265.0,3951305.0
3955305.0,3957355.0
3961345.0,3963395.0
3967395.0,3969435.0
3973435.0,3975475.0
3979475.0,3981515.0
3985515.0,3987565.0
3991555.0,3993605.0
3997605.0,3999645.0
4003645.0,4005685.0
4009685.0,4011735.0
4015725.0,4017775.0
4021775.0,4023815.0
4027815.0,4029855.0
4033855.0,4035895.0
4039895.0,4041945.0
4045935.0,4047985.0
4051985.0,4054025.0
4058025.0,4060065.0
4064065.0,4066115.0
4070105.0,4072155.0
4076155.0,4078195.0
4082195.0,4084235.0
4088235.0,4090275.0
4094275.0,4096325.0
4100315.0,4102365.0
4106365.0,4108405.0
4112405.0,4114445.0
4118445.0,4120495.0
4124485.0,4126535.0
4130535.0,4132575.0
4136575.0,4138615.0
4142615.0,4144655.0
4148655.0,4150705.0
4154695.0,4156745.0
4160745.0,4162785.0
4166785.0,4168825.0
4172825.0,4174875.0
4178865.0,4180915.0
4184915.0,4186955.0
4190955.0,4192995.0
4196995.0,4199035.0
4203035.0,4205085.0
4209075.0,4211125.0
4215125.0,4217165.0
4221165.0,4223205.0
4227205.0,4229255.0
4233245.0,4235295.0
4239295.0,4241335.0
4245335.0,4247375.0
4251375.0,4253415.0
4257415.0,4259465.0
4263465.0,4265505.0
4269505.0,4271545.0
4275545.0,4277585.0
4281585.0,4283635.0
4287625.0,4289675.0
4293675.0,4295715.0
4299715.0,4301755.0
4305755.0,4307795.0
4311795.0,4313845.0
4317835.0,4319885.0
4323885.0,4325925.0
4329925.0,4331965.0
4335965.0,4338015.0
4342005.0,4344055.0
4348055.0,4350095.0
4354095.0,4356135.0
4360135.0,4362175.0
4366175.0,4368225.0
4372215.0,4374265.0
4378265.0,4380305.0
4384305.0,4386345.0
4390345.0,4392395.0
4396385.0,4398435.0
4402435.0,4404475.0
4408475.0,4410515.0
4414515.0,4416555.0
4420555.0,4422605.0
4426595.0,4428645.0
4432645.0,4434685.0
4438685.0,4440725.0
4444725.0,4446765.0
4450765.0,4452815.0
4456815.0,4458855.0
4462855.0,4464895.0
4468895.0,4470935.0
4474935.0,4476985.0
4480975.0,4483025.0
4487025.0,4489065.0
4493065.0,4495105.0
4499105.0,4501145.0
4505145.0,4507195.0
4511195.0,4513235.0
4517235.0,4519275.0
4523275.0,4525315.0
4529315.0,4531365.0
4535355.0,4537405.0
4541405.0,4543445.0
4547445.0,4549485.0
4553485.0,4555525.0
4559525.0,4561575.0
4565575.0,4567615.0
4571615.0,4573655.0
4577655.0,4579695.0
4583695.0,4585735.0
4589735.0,4591785.0
4595785.0,4597825.0
4601825.0,4603865.0
4607865.0,4609905.0
4613905.0,4615955.0
4619955.0,4621995.0
4625995.0,4628035.0
4632035.0,4634075.0
4638075.0,4640115.0
4644115.0,4646165.0
4650165.0,4652205.0
4656205.0,4658245.0
4662245.0,4664285.0
4668285.0,4670325.0
4674325.0,4676375.0
4680375.0,4682415.0
4686415.0,4688455.0
4692455.0,4694495.0
4698495.0,4700545.0
4704545.0,4706585.0
4710585.0,4712625.0
4716625.0,4718665.0
4722665.0,4724705.0
4728705.0,4730755.0
4734755.0,4736795.0
4740795.0,4742835.0
4746835.0,4748875.0
4752875.0,4754925.0
4758925.0,4760965.0
4764965.0,4767005.0
4771005.0,4773045.0
4777045.0,4779085.0
4783085.0,4785135.0
4789135.0,4791175.0
4795175.0,4797215.0
4801215.0,4803255.0
4807255.0,4809295.0
4813305.0,4815345.0
4819345.0,4821385.0
4825385.0,4827425.0
4831425.0,4833465.0
4837465.0,4839515.0
4843515.0,4845555.0
4849555.0,4851595.0
4855595.0,4857635.0
4861635.0,4863675.0
4867675.0,4869725.0
4873725.0,4875765.0
4879765.0,4881805.0
4885805.0,4887845.0
4891845.0,4893885.0
4897895.0,4899935.0
4903935.0,4905975.0
4909975.0,4912015.0
4916015.0,4918055.0
4922055.0,4924095.0
4928105.0,4930145.0
4934145.0,4936185.0
4940185.0,4942225.0
4946225.0,4948265.0
4952265.0,4954315.0
4958315.0,4960355.0
4964355.0,4966395.0
4970395.0,4972435.0
4976435.0,4978475.0
4982485.0,4984525.0
4988525.0,4990565.0
4994565.0,4996605.0
5000605.0,5002645.0
5006645.0,5008685.0
5012695.0,5014735.0
5018735.0,5020775.0
5024775.0,5026815.0
5030815.0,5032855.0
5036865.0,5038905.0
5042905.0,5044945.0
5048945.0,5050985.0
5054985.0,5057025.0
5061025.0,5063065.0
5067075.0,5069115.0
5073115.0,5075155.0
5079155.0,5081195.0
5085195.0,5087235.0
5091235.0,5093275.0
5097285.0,5099325.0
5103325.0,5105365.0
5109365.0,5111405.0
5115405.0,5117445.0
5121455.0,5123485.0
5127495.0,5129535.0
5133535.0,5135575.0
5139575.0,5141615.0
5145615.0,5147655.0
5151665.0,5153705.0
5157705.0,5159745.0
5163745.0,5165785.0
5169785.0,5171825.0
5175825.0,5177865.0
5181875.0,5183915.0
5187915.0,5189955.0
5193955.0,5195995.0
5199995.0,5202035.0
5206045.0,5208075.0
5212085.0,5214125.0
5218125.0,5220165.0
5224165.0,5226205.0
5230205.0,5232245.0
5236255.0,5238285.0
5242295.0,5244335.0
5248335.0,5250375.0
5254375.0,5256415.0
5260415.0,5262455.0
5266465.0,5268505.0
5272505.0,5274545.0
5278545.0,5280585.0
5284585.0,5286625.0
5290635.0,5292665.0
5296675.0,5298715.0
5302715.0,5304755.0
5308755.0,5310795.0
5314795.0,5316835.0
5320845.0,5322875.0
5326885.0,5328925.0
5332925.0,5334965.0
5338965.0,5341005.0
5345005.0,5347045.0
5351055.0,5353085.0
