mask_deg,start_s,end_s,max_elevation_deg
10.0,36866.2,37454.9,41.33
10.0,42858.2,43373.9,26.88
10.0,71949.6,72036.4,10.27
10.0,77593.6,78213.8,69.65
10.0,83721.9,84079.9,15.25
10.0,121514.7,121999.9,22.58
10.0,127440.2,128036.5,47.4
10.0,162234.8,162807.4,38.08
10.0,168225.7,168759.6,28.22
10.0,206234.2,206457.8,11.78
10.0,212040.0,212665.8,86.56
10.0,218137.6,218409.6,12.92
10.0,246911.9,247380.8,22.01
10.0,252787.9,253396.5,52.26
10.0,296656.4,297263.3,50.99
10.0,302669.4,303144.0,22.48
10.0,331650.3,331909.3,12.62
10.0,337386.7,338012.1,84.72
10.0,343584.3,343826.4,12.12
10.0,381294.3,381823.8,27.58
10.0,387243.8,387819.5,38.95
10.0,422017.2,422611.2,46.29
10.0,428048.8,428539.7,23.11
10.0,465976.9,466324.1,14.87
10.0,471838.0,472459.3,71.32
10.0,477999.4,478121.3,10.53
10.0,506681.2,507192.3,26.32
10.0,512595.6,513186.8,42.34
10.0,556448.6,557067.5,63.08
10.0,562484.4,562908.1,18.79
10.0,591392.4,591742.3,15.3
10.0,597183.2,597808.6,79.36
10.0,641078.2,641641.5,33.7
10.0,647049.2,647598.4,32.27
10.0,681803.2,682412.8,56.7
10.0,687879.3,688313.8,18.86
10.0,725740.3,726167.3,18.42
10.0,731637.6,732249.1,58.11
10.0,766455.2,767000.4,31.56
10.0,772407.6,772974.3,34.49
10.0,816242.7,816867.8,77.55
10.0,822305.1,822664.4,15.65
10.0,851147.4,851563.9,18.39
10.0,856983.0,857602.8,64.66
10.0,900865.1,901453.9,41.33
10.0,906857.0,907372.9,26.9
10.0,935948.8,936034.9,10.26
10.0,941592.4,942212.5,69.63
10.0,947720.7,948078.6,15.25
10.0,985513.3,985998.7,22.59
10.0,991438.8,992035.4,47.42
10.0,1026233.4,1026805.9,38.07
10.0,1032224.3,1032758.2,28.22
10.0,1070232.5,1070456.5,11.79
10.0,1076038.4,1076664.4,86.58
10.0,1082135.8,1082408.3,12.93
10.0,1110910.4,1111379.1,22.0
10.0,1116786.3,1117394.9,52.27
10.0,1160654.5,1161261.7,50.98
10.0,1166667.6,1167142.5,22.49
10.0,1195648.7,1195907.3,12.62
10.0,1201384.9,1202010.2,84.7
10.0,1207582.4,1207824.5,12.12
10.0,1245292.3,1245822.1,27.58
10.0,1251241.7,1251817.8,38.98
10.0,1286015.3,1286609.1,46.27
10.0,1292046.7,1292537.8,23.12
10.0,1329974.6,1330322.1,14.87
10.0,1335835.8,1336457.3,71.36
10.0,1341996.6,1342120.0,10.55
10.0,1370679.0,1371190.0,26.3
10.0,1376593.4,1377184.5,42.35
10.0,1420446.1,1421065.3,63.06
10.0,1426481.9,1426906.0,18.81
10.0,1455390.1,1455739.8,15.29
10.0,1461180.8,1461806.0,79.4
10.0,1505075.5,1505639.1,33.69
10.0,1511046.6,1511596.1,32.3
10.0,1545800.6,1546410.2,56.67
10.0,1551876.6,1552311.3,18.87
10.0,1589737.5,1590164.7,18.42
10.0,1595634.8,1596246.7,58.15
10.0,1630452.4,1630997.6,31.54
10.0,1636404.7,1636971.5,34.51
10.0,1680239.7,1680865.1,77.51
10.0,1686301.9,1686661.9,15.67
10.0,1715144.4,1715560.8,18.37
10.0,1720979.9,1721599.8,64.71
10.0,1764861.9,1765451.0,41.32
10.0,1770853.7,1771370.1,26.93
10.0,1799946.2,1800031.1,10.26
10.0,1805589.2,1806209.3,69.57
10.0,1811717.2,1812075.5,15.26
10.0,1849510.0,1849995.5,22.58
10.0,1855435.4,1856032.2,47.47
10.0,1890230.0,1890802.5,38.04
10.0,1896220.7,1896754.8,28.25
10.0,1934229.2,1934452.9,11.78
10.0,1940034.8,1940661.1,86.65
10.0,1946132.0,1946405.3,12.95
10.0,1974906.8,1975375.5,21.98
10.0,1980782.6,1981391.4,52.32
10.0,2024650.7,2025258.2,50.94
10.0,2030663.7,2031139.1,22.52
10.0,2059645.1,2059903.4,12.61
10.0,2065381.1,2066006.4,84.61
10.0,2071578.1,2071821.1,12.14
10.0,2109288.4,2109818.3,27.56
10.0,2115237.7,2115814.0,39.03
10.0,2150011.3,2150605.1,46.23
10.0,2156042.5,2156533.8,23.15
10.0,2193970.7,2194318.0,14.86
10.0,2199831.6,2200453.4,71.45
10.0,2205991.5,2206117.1,10.57
10.0,2234674.9,2235185.8,26.28
10.0,2240589.1,2241180.4,42.41
10.0,2284441.8,2285061.2,62.99
10.0,2290477.4,2290902.2,18.84
10.0,2319385.9,2319735.3,15.28
10.0,2325176.3,2325801.7,79.49
10.0,2369071.1,2369634.7,33.66
10.0,2375042.0,2375591.9,32.34
10.0,2409796.1,2410405.6,56.6
10.0,2415871.7,2416306.8,18.9
10.0,2453733.0,2454160.0,18.41
10.0,2459630.0,2460242.3,58.24
10.0,2494447.8,2494992.8,31.51
10.0,2500399.7,2500966.7,34.56
10.0,2544234.7,2544860.4,77.41
10.0,2550296.7,2550657.4,15.7
10.0,2579139.6,2579555.8,18.36
10.0,2584974.8,2585594.9,64.81
10.0,2628856.9,2629446.0,41.27
10.0,2634848.5,2635365.4,26.97
10.0,2663942.0,2664025.1,10.25
10.0,2669584.0,2670204.1,69.47
10.0,2675711.6,2676070.7,15.29
10.0,2713504.9,2713990.2,22.56
10.0,2719430.0,2720027.2,47.55
10.0,2754224.6,2754797.1,37.99
10.0,2760215.1,2760749.6,28.3
10.0,2798224.0,2798447.1,11.77
10.0,2804029.3,2804655.8,86.77
10.0,2810126.0,2810400.6,12.98
10.0,2838901.4,2839369.8,21.96
10.0,2844776.9,2845385.9,52.42
10.0,2888645.2,2889252.6,50.87
10.0,2894657.8,2895133.8,22.56
10.0,2923639.7,2923897.4,12.59
10.0,2929375.2,2930000.7,84.48
10.0,2935571.4,2935816.2,12.17
10.0,2973282.7,2973812.4,27.53
10.0,2979231.8,2979808.5,39.1
10.0,3014005.3,3014599.2,46.15
10.0,3020036.2,3020528.0,23.19
10.0,3057964.8,3058311.7,14.84
10.0,3063825.5,3064447.6,71.57
10.0,3069984.2,3070112.6,10.59
10.0,3098668.8,3099179.6,26.25
10.0,3104582.7,3105174.4,42.5
10.0,3148435.6,3149055.1,62.88
10.0,3154470.9,3154896.5,18.88
10.0,3183379.8,3183728.9,15.26
10.0,3189169.8,3189795.5,79.64
10.0,3233064.8,3233628.3,33.6
10.0,3239035.4,3239585.8,32.41
10.0,3273789.5,3274399.1,56.5
10.0,3279864.6,3280300.7,18.95
10.0,3317726.5,3318153.1,18.37
10.0,3323623.4,3324235.8,58.36
10.0,3358441.2,3358986.0,31.46
10.0,3364392.7,3364960.2,34.64
10.0,3408227.9,3408853.6,77.26
10.0,3414289.6,3414651.3,15.73
10.0,3443132.9,3443548.8,18.33
10.0,3448967.7,3449588.1,64.96
10.0,3492850.0,3493438.9,41.19
10.0,3498841.3,3499358.7,27.03
10.0,3527936.3,3528016.8,10.23
10.0,3533576.8,3534197.1,69.33
10.0,3539703.7,3540064.1,15.34
10.0,3577497.8,3577982.8,22.51
10.0,3583422.8,3584020.3,47.65
10.0,3618217.5,3618789.8,37.92
10.0,3624207.4,3624742.6,28.37
10.0,3662217.5,3662438.8,11.74
10.0,3668021.9,3668648.5,86.93
10.0,3674118.1,3674393.9,13.01
10.0,3702894.0,3703362.3,21.92
10.0,3708769.1,3709378.6,52.56
10.0,3752637.7,3753245.0,50.75
10.0,3758650.0,3759126.7,22.61
10.0,3787632.5,3787889.4,12.57
10.0,3793367.5,3793993.1,84.3
10.0,3799562.5,3799809.4,12.21
10.0,3837275.1,3837804.4,27.47
10.0,3843223.9,3843801.0,39.19
10.0,3877997.5,3878591.3,46.06
10.0,3884027.8,3884520.5,23.26
10.0,3921957.3,3922303.1,14.8
10.0,3927817.6,3928439.7,71.75
10.0,3933974.8,3934106.3,10.62
10.0,3962661.0,3963171.5,26.2
10.0,3968574.3,3969166.6,42.62
10.0,4012427.6,4013046.9,62.72
10.0,4018462.5,4018888.8,18.92
10.0,4047371.9,4047720.4,15.23
10.0,4053161.4,4053787.3,79.84
10.0,4097056.5,4097619.7,33.52
10.0,4103027.0,4103577.8,32.48
10.0,4137780.9,4138390.7,56.36
10.0,4143855.5,4144292.7,19.01
10.0,4181718.4,4182144.1,18.33
10.0,4187614.8,4188227.4,58.52
10.0,4222432.5,4222977.4,31.4
10.0,4228383.6,4228951.7,34.75
10.0,4272219.2,4272844.9,77.05
10.0,4278280.5,4278643.1,15.77
10.0,4307124.5,4307539.8,18.3
10.0,4312958.7,4313579.4,65.15
10.0,4356841.1,4357429.8,41.07
10.0,4362832.2,4363350.1,27.09
10.0,4391929.4,4392005.9,10.21
10.0,4397567.7,4398188.1,69.14
10.0,4403693.7,4404055.7,15.39
10.0,4441489.1,4441973.2,22.45
10.0,4447413.6,4448011.3,47.78
10.0,4482208.2,4482780.6,37.83
10.0,4488197.6,4488733.6,28.46
10.0,4526209.4,4526428.1,11.7
10.0,4532012.6,4532639.2,87.15
10.0,4538108.2,4538385.6,13.05
10.0,4566885.0,4567352.7,21.88
10.0,4572759.4,4573369.2,52.73
10.0,4616628.3,4617235.3,50.59
10.0,4622640.3,4623117.6,22.67
10.0,4651623.7,4651879.3,12.54
10.0,4657357.7,4657983.5,84.08
10.0,4663551.3,4663800.9,12.26
10.0,4701265.7,4701794.3,27.38
10.0,4707214.1,4707791.5,39.3
10.0,4741987.7,4742581.5,45.93
10.0,4748017.3,4748511.0,23.34
10.0,4785948.1,4786292.3,14.75
10.0,4791807.6,4792429.8,71.96
10.0,4797963.4,4798098.1,10.66
10.0,4826651.2,4827161.3,26.14
10.0,4832563.9,4833156.7,42.77
10.0,4876417.6,4877036.7,62.51
10.0,4882452.1,4882879.1,18.97
10.0,4911362.2,4911709.9,15.2
10.0,4917151.0,4917777.2,80.09
10.0,4961046.5,4961609.1,33.41
10.0,4967016.5,4967567.7,32.58
10.0,5001770.6,5002380.3,56.18
10.0,5007844.2,5008282.9,19.08
10.0,5045708.4,5046132.9,18.26
10.0,5051604.2,5052216.9,58.71
10.0,5086422.1,5086966.7,31.31
10.0,5092372.6,5092941.4,34.88
10.0,5136208.5,5136834.1,76.8
10.0,5142269.3,5142633.0,15.82
10.0,5171114.2,5171528.7,18.25
10.0,5176947.6,5177568.7,65.39
10.0,5220830.4,5221418.6,40.92
10.0,5226821.2,5227339.5,27.17
10.0,5255921.5,5255992.1,10.18
10.0,5261556.6,5262177.1,68.91
10.0,5267681.6,5268045.6,15.46
10.0,5305478.5,5305961.5,22.37
10.0,5311402.5,5312000.3,47.94
10.0,5346197.2,5346769.3,37.72
10.0,5352185.9,5352722.6,28.57
20.0,36969.5,37352.9,41.33
20.0,42983.7,43249.1,26.88
20.0,77686.0,78120.5,69.65
20.0,121668.9,121847.3,22.58
20.0,127538.7,127938.8,47.4
20.0,162338.6,162702.8,38.08
20.0,168347.8,168636.2,28.22
20.0,212132.7,212574.2,86.6
20.0,247068.1,247224.0,22.01
20.0,252884.3,253299.0,52.26
20.0,296754.3,297166.5,50.99
20.0,302821.1,302992.9,22.48
20.0,337478.3,337919.7,84.75
20.0,381420.0,381699.7,27.58
20.0,387347.6,387716.5,38.95
20.0,422115.4,422512.2,46.29
20.0,428196.5,428390.6,23.11
20.0,471931.3,472367.1,71.33
20.0,506808.1,507064.7,26.32
20.0,512696.9,513084.3,42.34
20.0,556543.3,556973.8,63.09
20.0,597275.1,597715.7,79.37
20.0,641189.7,641531.2,33.7
20.0,647161.3,647487.1,32.27
20.0,681897.8,682317.5,56.71
20.0,731732.7,732154.8,58.11
20.0,766567.8,766887.2,31.56
20.0,772516.7,772863.9,34.49
20.0,816335.7,816775.9,77.56
20.0,857076.4,857508.3,64.66
20.0,900968.3,901351.8,41.34
20.0,906982.4,907248.2,26.9
20.0,941684.9,942119.2,69.64
20.0,985667.3,985846.1,22.59
20.0,991537.3,991937.6,47.42
20.0,1026337.3,1026701.3,38.07
20.0,1032346.3,1032634.6,28.22
20.0,1076130.9,1076572.8,86.62
20.0,1111066.6,1111222.2,22.0
20.0,1116882.7,1117297.4,52.27
20.0,1160752.6,1161164.8,50.99
20.0,1166819.1,1166991.5,22.49
20.0,1201476.6,1201917.7,84.72
20.0,1245417.9,1245697.9,27.58
20.0,1251345.5,1251714.6,38.98
20.0,1286113.5,1286510.1,46.27
20.0,1292194.4,1292388.6,23.12
20.0,1335929.1,1336365.0,71.37
20.0,1370806.1,1371062.3,26.3
20.0,1376694.7,1377082.0,42.36
20.0,1420541.0,1420971.7,63.06
20.0,1461272.6,1461713.2,79.41
20.0,1505187.2,1505528.8,33.69
20.0,1511158.6,1511484.7,32.3
20.0,1545895.1,1546314.9,56.67
20.0,1595730.0,1596152.4,58.16
20.0,1630565.1,1630884.2,31.54
20.0,1636513.7,1636861.1,34.51
20.0,1680332.7,1680773.1,77.52
20.0,1721073.4,1721505.3,64.71
20.0,1764965.2,1765348.8,41.32
20.0,1770979.1,1771245.3,26.93
20.0,1805681.6,1806115.9,69.58
20.0,1849664.3,1849842.7,22.58
20.0,1855533.9,1855934.5,47.47
20.0,1890333.9,1890697.8,38.04
20.0,1896342.7,1896631.4,28.25
20.0,1940127.4,1940569.6,86.69
20.0,1975063.3,1975218.3,21.98
20.0,1980879.0,1981293.7,52.33
20.0,2024748.8,2025161.2,50.95
20.0,2030815.0,2030988.4,22.52
20.0,2065472.7,2065914.0,84.64
20.0,2109414.2,2109693.9,27.56
20.0,2115341.5,2115711.0,39.03
20.0,2150109.4,2150506.0,46.23
20.0,2156189.9,2156385.0,23.15
20.0,2199925.0,2200361.1,71.45
20.0,2234802.0,2235058.0,26.28
20.0,2240690.3,2241078.0,42.41
20.0,2284536.7,2284967.6,63.0
20.0,2325268.2,2325708.9,79.51
20.0,2369182.8,2369524.3,33.66
20.0,2375154.0,2375480.6,32.34
20.0,2409890.5,2410310.2,56.6
20.0,2459725.2,2460147.9,58.24
20.0,2494560.4,2494879.4,31.51
20.0,2500508.7,2500856.3,34.56
20.0,2544327.9,2544768.3,77.42
20.0,2585068.2,2585500.4,64.81
20.0,2628960.2,2629343.8,41.27
20.0,2634973.7,2635240.8,26.97
20.0,2669676.4,2670110.9,69.48
20.0,2713659.4,2713837.2,22.56
20.0,2719528.5,2719929.5,47.55
20.0,2754328.7,2754692.4,37.99
20.0,2760336.9,2760626.3,28.3
20.0,2804122.0,2804564.2,86.81
20.0,2839058.3,2839212.3,21.96
20.0,2844873.2,2845288.4,52.42
20.0,2888743.3,2889155.6,50.87
20.0,2894808.8,2894983.4,22.56
20.0,2929466.8,2929908.3,84.51
20.0,2973408.5,2973687.9,27.53
20.0,2979335.5,2979705.4,39.1
20.0,3014103.6,3014500.0,46.16
20.0,3020183.2,3020379.6,23.19
20.0,3063918.9,3064355.3,71.58
20.0,3098796.1,3099051.6,26.25
20.0,3104683.9,3105072.0,42.5
20.0,3148530.5,3148961.4,62.89
20.0,3189261.7,3189702.5,79.66
20.0,3233176.6,3233517.8,33.61
20.0,3239147.3,3239474.6,32.41
20.0,3273884.1,3274303.8,56.5
20.0,3323718.6,3324141.5,58.36
20.0,3358554.0,3358872.5,31.46
20.0,3364501.5,3364849.8,34.64
20.0,3408321.1,3408761.7,77.27
20.0,3449061.2,3449493.6,64.96
20.0,3492953.5,3493336.7,41.19
20.0,3498966.4,3499234.3,27.03
20.0,3533669.3,3534103.8,69.34
20.0,3577652.9,3577829.3,22.51
20.0,3583521.2,3583922.6,47.65
20.0,3618321.4,3618685.0,37.92
20.0,3624329.0,3624619.3,28.37
20.0,3668114.5,3668556.9,86.98
20.0,3703051.4,3703204.3,21.92
20.0,3708865.4,3709281.1,52.56
20.0,3752735.9,3753148.0,50.75
20.0,3758800.6,3758976.7,22.61
20.0,3793459.1,3793900.5,84.33
20.0,3837401.1,3837679.8,27.47
20.0,3843327.6,3843698.0,39.19
20.0,3878095.8,3878492.1,46.06
20.0,3884174.3,3884372.4,23.26
20.0,3927910.9,3928347.5,71.75
20.0,3962788.5,3963043.3,26.2
20.0,3968675.4,3969064.0,42.62
20.0,4012522.5,4012953.2,62.73
20.0,4053253.2,4053694.4,79.86
20.0,4097168.6,4097509.1,33.52
20.0,4103138.7,4103466.6,32.48
20.0,4137875.6,4138295.1,56.36
20.0,4187709.9,4188133.2,58.52
20.0,4222545.6,4222863.7,31.4
20.0,4228492.4,4228841.5,34.75
20.0,4272312.4,4272752.9,77.07
20.0,4313052.0,4313484.9,65.16
20.0,4356944.8,4357327.5,41.07
20.0,4362957.1,4363225.9,27.09
20.0,4397660.2,4398094.7,69.15
20.0,4441644.7,4441819.1,22.45
20.0,4447512.0,4447913.7,47.79
20.0,4482312.5,4482675.6,37.83
20.0,4488319.0,4488610.7,28.46
20.0,4532105.3,4532547.6,87.2
20.0,4567042.9,4567194.1,21.88
20.0,4572855.7,4573271.7,52.74
20.0,4616726.6,4617138.3,50.59
20.0,4622790.3,4622968.2,22.67
20.0,4657449.3,4657890.9,84.1
20.0,4701392.1,4701669.4,27.38
20.0,4707317.7,4707688.6,39.3
20.0,4742086.0,4742482.2,45.93
20.0,4748163.2,4748363.7,23.34
20.0,4791900.9,4792337.7,71.97
20.0,4826779.0,4827032.9,26.14
20.0,4832665.0,4833054.4,42.77
20.0,4876512.5,4876942.9,62.52
20.0,4917242.8,4917684.2,80.11
20.0,4961158.7,4961498.3,33.41
20.0,4967128.2,4967456.8,32.58
20.0,5001865.3,5002284.6,56.18
20.0,5051699.5,5052122.7,58.71
20.0,5086535.4,5086852.8,31.31
20.0,5092481.2,5092831.4,34.88
20.0,5136301.8,5136742.2,76.81
20.0,5177041.1,5177474.2,65.4
20.0,5220934.2,5221316.2,40.92
20.0,5226945.8,5227215.6,27.17
20.0,5261649.2,5262083.7,68.92
20.0,5305634.8,5305806.5,22.37
20.0,5311500.8,5311902.9,47.94
20.0,5346301.6,5346664.3,37.72
20.0,5352307.0,5352600.0,28.57
