scenario,policy,n_seeds,value_score_pct,value_score_pct_ci95,completion_rate_pct,completion_rate_pct_ci95,energy_total_wh,energy_total_wh_ci95,wh_per_value,wh_per_value_ci95,min_soc_pct,min_soc_pct_ci95,time_below_reserve_pct,time_below_reserve_pct_ci95,latency_mean_min,latency_mean_min_ci95,latency_p95_min,latency_p95_min_ci95,alert_latency_mean_min,alert_latency_mean_min_ci95,alerts_delivered_pct,alerts_delivered_pct_ci95,gpu_util_pct,gpu_util_pct_ci95,cpu_util_pct,cpu_util_pct_ci95,downlink_util_pct,downlink_util_pct_ci95,storage_mean_pct,storage_mean_pct_ci95,storage_peak_pct,storage_peak_pct_ci95,overflow_pct,overflow_pct_ci95,dropped_pct,dropped_pct_ci95,expired_pct,expired_pct_ci95,discarded_onboard_pct,discarded_onboard_pct_ci95,processed_onboard_pct,processed_onboard_pct_ci95,sent_raw_pct,sent_raw_pct_ci95,backlog_pct,backlog_pct_ci95,spilled_solar_wh,spilled_solar_wh_ci95
downlink_starved,full_engine,20,34.587744347611014,1.635106953057602,66.40427538517869,2.319720141792943,245.6442118592178,10.901689076949845,0.2364276538906384,0.014560987463182264,75.86423773277645,1.4655653695710429,0.0,0.0,213.53841827184277,17.085869146263516,589.1248133752239,69.2896532022352,126.14091394894626,12.276440042815972,56.65773286311662,5.3132306890040475,27.789930555555554,1.2958358219821224,0.3512008101851852,0.05312380967838247,98.51072052476059,0.818305381131033,12.90937930244051,0.4432384260068552,23.230163428314633,1.13450177347206,0.0,0.0,20.635673660256522,2.2054140262627397,0.0,0.0,15.65604380846445,0.49381587111680425,39.29869738745387,1.806009577428089,31.724182766601785,2.7460109723951938,12.960050954564768,2.4345703709069517,134.04752425187968,10.76573433530273
downlink_starved,no_battery_guard,20,34.587744347611014,1.635106953057602,66.40427538517869,2.319720141792943,245.6442118592178,10.901689076949845,0.2364276538906384,0.014560987463182264,75.86423773277645,1.4655653695710429,0.0,0.0,213.53841827184277,17.085869146263516,589.1248133752239,69.2896532022352,126.14091394894626,12.276440042815972,56.65773286311662,5.3132306890040475,27.789930555555554,1.2958358219821224,0.3512008101851852,0.05312380967838247,98.51072052476059,0.818305381131033,12.90937930244051,0.4432384260068552,23.230163428314633,1.13450177347206,0.0,0.0,20.635673660256522,2.2054140262627397,0.0,0.0,15.65604380846445,0.49381587111680425,39.29869738745387,1.806009577428089,31.724182766601785,2.7460109723951938,12.960050954564768,2.4345703709069517,134.04752425187968,10.76573433530273
downlink_starved,no_prices,20,34.18755399071517,1.6684606355314229,65.88447218462719,2.3907834703069906,244.24883730243704,11.204533078205626,0.2381634207308157,0.015701952458751795,76.38742376655752,1.421726172210131,0.0,0.0,218.73585324105747,18.605813680310497,606.2948285258218,74.98546722807232,126.14090536927674,12.276443102045446,56.65773286311662,5.3132306890040475,27.684027777777782,1.3373903239875715,0.23401331018518517,0.02498105729528755,99.0632764144877,0.6860695156326811,14.698125504025816,1.1228203736226785,26.963283652287693,2.2795077779340147,0.0,0.0,20.825097714499307,2.239679020858304,0.0,0.0,15.41401158994741,0.5322869908993096,35.710102282902675,1.151731971001129,34.696738434585306,2.2709522738181276,13.290430100873513,2.4422002331567225,135.64456547532703,11.101170006877414
downlink_starved,no_queue_pass,20,33.654119084996,1.663530224261836,66.8908646421317,2.4193893892893286,244.4951782834634,10.96800749491609,0.2420897501849227,0.015419549003315606,75.26360563698545,1.028185394647831,0.0,0.0,216.9415535560112,17.70270623993957,596.4732435315947,71.41443933694957,126.14090536927674,12.276443102045446,56.65773286311662,5.3132306890040475,27.600694444444446,1.304858622849773,0.41066261574074076,0.05056822058686127,100.0,1.4288428716376003e-15,14.95187862846257,0.44143340767279543,23.997555279195197,0.8363848288234127,0.0,0.0,19.87704815178636,2.2501740013547225,0.0,0.0,15.766174988195342,0.5240149144006192,41.2098522959296,1.7500937932189746,31.019217977548045,2.836593759014109,13.232087206081928,2.448749157146553,135.21697449430096,10.79963083220784
downlink_starved,no_storage_price,20,34.587744347611014,1.635106953057602,66.40427538517869,2.319720141792943,245.6442118592178,10.901689076949845,0.2364276538906384,0.014560987463182264,75.86423773277645,1.4655653695710429,0.0,0.0,213.53841827184277,17.085869146263516,589.1248133752239,69.2896532022352,126.14091394894626,12.276440042815972,56.65773286311662,5.3132306890040475,27.789930555555554,1.2958358219821224,0.3512008101851852,0.05312380967838247,98.51072052476059,0.818305381131033,12.90937930244051,0.4432384260068552,23.230163428314633,1.13450177347206,0.0,0.0,20.635673660256522,2.2054140262627397,0.0,0.0,15.65604380846445,0.49381587111680425,39.29869738745387,1.806009577428089,31.724182766601785,2.7460109723951938,12.960050954564768,2.4345703709069517,134.04752425187968,10.76573433530273
energy_starved,full_engine,20,42.75018879269266,1.637640950923665,73.93858246354968,2.8909826416908286,169.6285324944853,8.201669637752179,0.13183532263824474,0.006219991758195406,35.180775598186116,4.934115172271875,2.6666666666666665,1.6815413099001122,161.56394237969053,7.6888788023550925,444.30162073274676,31.344449612763125,102.8134745465904,11.621516951341173,66.80040445678621,4.711354648183084,18.140625000000004,0.9829440921217675,0.21549479166666666,0.020082141782766332,99.3110675436761,0.9291127951541234,25.163598760606384,2.057661784875535,44.8695853432578,4.75980277950234,0.0,0.0,13.76103778469692,2.235135489819242,0.0,0.0,13.973578329803207,0.6093353582881371,27.888887946413057,1.3109865832251608,49.139886614567466,2.2034386358772293,12.300379751753411,2.3344220903711537,24.232928856169096,5.06397773459729
energy_starved,no_battery_guard,20,41.92892119726556,2.0171415421546257,72.89758069524052,2.841974979265359,176.8956735425883,12.246142762429288,0.14089954283574277,0.010969638956330543,24.87833940027916,9.771910273860835,13.314236111111114,8.423771513971925,163.17196895036736,8.35003021740963,446.4691911261938,31.803029123992133,103.64017866508193,11.688430791035001,65.51280013511965,4.69840250288002,19.07638888888889,1.5122831342655003,0.21267361111111116,0.019293816857271114,95.72138892321288,3.1385586156870873,23.39977236230721,1.1021995179675783,39.515934403313274,1.9056139695944614,0.0,0.0,14.317685658129122,2.1895842809247488,0.0,0.0,14.028967992430086,0.6361436669542795,28.400989038091335,1.5145738557566546,48.11226183813834,2.4198826723885882,12.78473364663036,2.321832882343604,24.232928856169096,5.06397773459729
energy_starved,no_prices,20,42.35223640647778,1.5218535421920798,73.69461324657847,2.9086447357319973,164.2414098636456,9.416703500995474,0.1285108247104477,0.006228277906636531,37.876822041656126,5.791663472528402,1.347222222222222,1.0788085122973994,164.07593700271107,7.537498325561442,450.650997078877,30.689588509037897,102.93290905318531,12.061175012497113,66.61567539274681,4.453586867288364,17.513888888888893,1.1337177898607673,0.19111689814814814,0.014015978787393019,99.27973207872215,0.9319756344852319,29.083864678862973,2.3286117564923905,53.19817618456862,2.90069641248084,0.0,0.0,13.844855160792685,2.2605536606335943,0.0,0.0,13.81551636562789,0.6507859756570307,26.593111290703185,1.1696569883951156,49.85632934962361,2.1133829389344814,12.46053159262885,2.3618806847932365,26.463417968425137,5.55876141960675
energy_starved,no_queue_pass,20,41.71511946428496,1.5661356492039464,73.94523786543422,2.8666819318927304,166.0513209741878,8.24268917040239,0.13225839933934283,0.006429859835170984,31.694631455285275,3.745232373347882,3.171875,1.8776186075307195,166.3973051403976,8.513142699881794,454.1738695833675,34.89112300990561,102.76164772133761,11.747546329850286,66.58820286527427,4.340950212172589,17.697916666666664,0.9855399728745294,0.2379918981481482,0.02402298664312989,99.52176443177379,0.937341713723352,28.858319441367392,2.0448324943303335,47.6816159485917,5.412674423668796,0.0,0.0,13.299350765163501,2.2428392537965234,0.0,0.0,13.95497166173936,0.6511923609263621,28.5060348370239,1.4968809188827579,49.066652920652146,2.187282085246062,12.755411369402282,2.3171525966383206,30.26354627697641,5.471612579452152
energy_starved,no_storage_price,20,42.75018879269266,1.637640950923665,73.93858246354968,2.8909826416908286,169.6285324944853,8.201669637752179,0.13183532263824474,0.006219991758195406,35.180775598186116,4.934115172271875,2.6666666666666665,1.6815413099001122,161.56394237969053,7.6888788023550925,444.30162073274676,31.344449612763125,102.8134745465904,11.621516951341173,66.80040445678621,4.711354648183084,18.140625000000004,0.9829440921217675,0.21549479166666666,0.020082141782766332,99.3110675436761,0.9291127951541234,25.163598760606384,2.057661784875535,44.8695853432578,4.75980277950234,0.0,0.0,13.76103778469692,2.235135489819242,0.0,0.0,13.973578329803207,0.6093353582881371,27.888887946413057,1.3109865832251608,49.139886614567466,2.2034386358772293,12.300379751753411,2.3344220903711537,24.232928856169096,5.06397773459729
event_surge,full_engine,20,34.40237254675453,1.3032354086538986,72.78707046367893,3.157896978306561,181.7984123667644,8.647713848844862,0.06902644466041333,0.0032012715833113544,77.24609666033254,1.3631144591991335,0.0,0.0,152.4240186725142,5.78397344642391,420.8723942922552,26.736280419041147,111.57990843395646,6.130915304026073,66.25929743954914,3.8640358851997254,19.15972222222222,1.0157055422404722,0.9720775462962964,0.06868781005173152,99.17876145667155,0.6053213866649991,22.708067435236423,0.9076190107762568,38.091057927133086,1.3824728939361575,0.0,0.0,18.058010170111903,2.941192128640359,0.0,0.0,22.62997654262099,1.112054904339357,42.225022965356345,2.0190949973289127,33.37463937051477,1.3241058677467843,9.154919366209175,1.910609182966951,197.01443485544598,8.736875338657967
event_surge,no_battery_guard,20,34.40237254675453,1.3032354086538986,72.78707046367893,3.157896978306561,181.7984123667644,8.647713848844862,0.06902644466041333,0.0032012715833113544,77.24609666033254,1.3631144591991335,0.0,0.0,152.4240186725142,5.78397344642391,420.8723942922552,26.736280419041147,111.57990843395646,6.130915304026073,66.25929743954914,3.8640358851997254,19.15972222222222,1.0157055422404722,0.9720775462962964,0.06868781005173152,99.17876145667155,0.6053213866649991,22.708067435236423,0.9076190107762568,38.091057927133086,1.3824728939361575,0.0,0.0,18.058010170111903,2.941192128640359,0.0,0.0,22.62997654262099,1.112054904339357,42.225022965356345,2.0190949973289127,33.37463937051477,1.3241058677467843,9.154919366209175,1.910609182966951,197.01443485544598,8.736875338657967
event_surge,no_prices,20,34.230003944550454,1.289448386907277,72.55593326412759,3.1443647163197976,174.07422762801255,9.431235033037472,0.06630277737632242,0.003078966700228242,76.74289039474311,1.6781676620378243,0.0,0.0,154.4946559962385,5.103419139109393,428.27187743964294,26.11542105503215,111.57990843395646,6.130915304026073,66.25929743954914,3.8640358851997254,18.249999999999996,1.1148873622072124,0.9513888888888886,0.06616063175137102,99.27683535127436,0.6152375782172049,27.37412893675249,1.6928443490924405,52.113738642715795,2.59409917834481,0.0,0.0,18.102204075415713,2.93988752702434,0.0,0.0,22.45283990283036,1.0663783760039225,41.16178479945371,1.9349586441617128,33.9610796428059,1.3505465312480756,9.341862660456712,1.970200885724835,203.83688348308675,9.748117363558721
event_surge,no_queue_pass,20,34.05642774883386,1.330874599156964,72.87703229726125,3.2190448052834055,179.89993677971069,8.863383204922346,0.06908374490491632,0.003594465202989812,77.10994830999591,1.2520252588322613,0.0,0.0,155.3706472285241,6.634475254390424,427.11599681249606,30.682821521386,111.6038814085161,6.117252639453409,66.25929743954914,3.8640358851997254,18.906249999999996,1.0423193301349805,1.0020254629629628,0.06715739462869852,99.72260810534424,0.4609923205254745,26.273333960766774,0.8340573275269545,39.246175508418006,1.1512063116189215,0.0,0.0,17.68321710319904,2.963747576090136,0.0,0.0,22.64012339453094,1.1090976534228005,42.89284250936652,2.0713564149414756,33.23516249555354,1.2658005529483893,9.439750599539705,1.9437945279967181,199.5379104424997,8.8669816890034
event_surge,no_storage_price,20,34.40237254675453,1.3032354086538986,72.78707046367893,3.157896978306561,181.7984123667644,8.647713848844862,0.06902644466041333,0.0032012715833113544,77.24609666033254,1.3631144591991335,0.0,0.0,152.4240186725142,5.78397344642391,420.8723942922552,26.736280419041147,111.57990843395646,6.130915304026073,66.25929743954914,3.8640358851997254,19.15972222222222,1.0157055422404722,0.9720775462962964,0.06868781005173152,99.17876145667155,0.6053213866649991,22.708067435236423,0.9076190107762568,38.091057927133086,1.3824728939361575,0.0,0.0,18.058010170111903,2.941192128640359,0.0,0.0,22.62997654262099,1.112054904339357,42.225022965356345,2.0190949973289127,33.37463937051477,1.3241058677467843,9.154919366209175,1.910609182966951,197.01443485544598,8.736875338657967
nominal,full_engine,20,43.34738577997298,1.618100296825425,74.32198108321444,2.895248505820006,177.00247049382892,12.073346866937216,0.1353288829462556,0.008042928427628132,77.95243001908455,1.2134588584452124,0.0,0.0,161.35407507291356,7.712566937016072,445.4558173518284,31.772103898043785,102.29783248643841,11.675355261026231,66.97281824988966,4.58470495192259,19.01909722222222,1.4467366921729228,0.21498842592592596,0.019622667931462067,99.2940494624735,0.9295940931303812,22.9096960399105,0.8496973156351498,37.910421451568325,1.2369357378970123,0.0,0.0,13.730538955564876,2.2252878568133387,0.0,0.0,14.103903834366506,0.6132016179326151,28.453254762172982,1.50928127732183,49.037227869213005,2.180160784450353,11.947479961220687,2.3321171715585343,201.99614061726953,11.53435767928331
nominal,no_battery_guard,20,43.34738577997298,1.618100296825425,74.32198108321444,2.895248505820006,177.00247049382892,12.073346866937216,0.1353288829462556,0.008042928427628132,77.95243001908455,1.2134588584452124,0.0,0.0,161.35407507291356,7.712566937016072,445.4558173518284,31.772103898043785,102.29783248643841,11.675355261026231,66.97281824988966,4.58470495192259,19.01909722222222,1.4467366921729228,0.21498842592592596,0.019622667931462067,99.2940494624735,0.9295940931303812,22.9096960399105,0.8496973156351498,37.910421451568325,1.2369357378970123,0.0,0.0,13.730538955564876,2.2252878568133387,0.0,0.0,14.103903834366506,0.6132016179326151,28.453254762172982,1.50928127732183,49.037227869213005,2.180160784450353,11.947479961220687,2.3321171715585343,201.99614061726953,11.53435767928331
nominal,no_prices,20,42.900800669183845,1.56308100350627,73.98228383362988,2.908160864784168,168.28735019424758,11.925503006595665,0.12964027045190518,0.0069133999312307294,78.17653266692443,1.3149840744531536,0.0,0.0,164.392599093023,7.4672553121479925,452.33644242322754,30.206597932286062,102.29783248643841,11.675355261026231,66.97281824988966,4.58470495192259,17.99826388888889,1.4332482226695742,0.1915509259259259,0.01413100073600426,99.11922939127247,0.9381872977108993,27.500519215476167,1.5653215840027006,51.22108529744546,2.013118668786954,0.0,0.0,13.825475315831445,2.2638174463632,0.0,0.0,13.84448823328187,0.6421831976516361,26.862076242371664,1.2780360767499412,49.799891514947326,2.118366587520837,12.192240850538658,2.3861121921958492,209.01542758351752,11.78511970438251
nominal,no_queue_pass,20,42.292196895667736,1.637158781072484,74.38627549102492,2.9490141520892728,175.40861264085444,12.613916498293824,0.13755970197945727,0.00896655779107069,77.18274010314661,1.2724249386805868,0.0,0.0,165.91115800739288,8.34592808886659,453.9537817063662,34.719646884436415,102.29783248643841,11.675355261026231,66.97281824988966,4.58470495192259,18.812499999999996,1.5107203872222914,0.23690682870370366,0.023323438503310215,99.52176443177379,0.937341713723352,26.332136610867888,0.7647186163019547,38.98886890215027,1.130839670308261,0.0,0.0,13.273181968394946,2.2566454845713193,0.0,0.0,14.10799464864471,0.6856806304006287,29.15770253133865,1.7520832150883794,49.0462967423857,2.2010069886962436,12.340542540580145,2.3464601922004684,204.64729013691075,12.076342393401417
nominal,no_storage_price,20,43.34738577997298,1.618100296825425,74.32198108321444,2.895248505820006,177.00247049382892,12.073346866937216,0.1353288829462556,0.008042928427628132,77.95243001908455,1.2134588584452124,0.0,0.0,161.35407507291356,7.712566937016072,445.4558173518284,31.772103898043785,102.29783248643841,11.675355261026231,66.97281824988966,4.58470495192259,19.01909722222222,1.4467366921729228,0.21498842592592596,0.019622667931462067,99.2940494624735,0.9295940931303812,22.9096960399105,0.8496973156351498,37.910421451568325,1.2369357378970123,0.0,0.0,13.730538955564876,2.2252878568133387,0.0,0.0,14.103903834366506,0.6132016179326151,28.453254762172982,1.50928127732183,49.037227869213005,2.180160784450353,11.947479961220687,2.3321171715585343,201.99614061726953,11.53435767928331
storage_tight,full_engine,20,41.49400213380022,1.6609056638528974,72.6757121491951,2.797976080107427,155.41496981646537,10.680715513576141,0.12447591031749146,0.008481973891683144,79.30971363508614,0.5966582020271258,0.0,0.0,159.26570309030583,7.938516396109969,440.38546906328156,33.606143808786676,102.29783248643841,11.675355261026231,66.97281824988966,4.58470495192259,16.454861111111107,1.286335279823998,0.23517071759259262,0.017768827903413786,98.42211655508163,1.0199337517667186,63.9744303287182,1.721855707471976,93.07464144409487,0.2771310862708006,0.263441681997934,0.08282462208195426,15.556905539712503,2.1046680649079224,0.0,0.0,13.39776085409431,0.5940603283419548,27.317550690008268,1.3483480187555927,49.34705418698218,2.1003061763386897,11.503940629094448,2.272084204254659,222.8023912946331,10.226441803088074
storage_tight,no_battery_guard,20,41.49400213380022,1.6609056638528974,72.6757121491951,2.797976080107427,155.41496981646537,10.680715513576141,0.12447591031749146,0.008481973891683144,79.30971363508614,0.5966582020271258,0.0,0.0,159.26570309030583,7.938516396109969,440.38546906328156,33.606143808786676,102.29783248643841,11.675355261026231,66.97281824988966,4.58470495192259,16.454861111111107,1.286335279823998,0.23517071759259262,0.017768827903413786,98.42211655508163,1.0199337517667186,63.9744303287182,1.721855707471976,93.07464144409487,0.2771310862708006,0.263441681997934,0.08282462208195426,15.556905539712503,2.1046680649079224,0.0,0.0,13.39776085409431,0.5940603283419548,27.317550690008268,1.3483480187555927,49.34705418698218,2.1003061763386897,11.503940629094448,2.272084204254659,222.8023912946331,10.226441803088074
storage_tight,no_prices,20,40.04682079113332,1.5296941845025904,69.3135679159614,2.710373889182492,107.98991246957034,6.755412172645521,0.08956030259592396,0.005353318804559862,79.51049975822733,0.8033280000810509,0.0,0.0,158.29495498624024,8.052212464941153,438.9999442223765,33.4906906201595,102.29783248643841,11.675355261026231,66.97281824988966,4.58470495192259,10.840277777777777,0.8241631447307951,0.1915509259259259,0.01413100073600426,98.08540360051428,1.104005843389377,68.81405059935678,1.305197746811867,93.42424421790203,0.036237908797383006,0.7548847463581021,0.15732120955863346,19.099469864548116,2.232492645864499,0.0,0.0,10.931232389148867,0.49231220010040483,21.327012087055127,1.0549357601699878,50.29125695468255,2.1396566927200498,10.832077473132387,2.076828359645282,268.0149486415288,6.789718210637511
storage_tight,no_queue_pass,20,39.3727583914292,1.60682471540879,71.26775649225138,2.896217040848486,134.51984147448624,8.974726756884689,0.11372269297932977,0.008017075192483647,79.90543575751774,0.3839163005113985,0.0,0.0,163.5753158561311,8.50669662785888,442.69837230971143,34.15556508672548,102.29783248643841,11.675355261026231,66.97281824988966,4.58470495192259,13.947916666666666,1.0785090753711326,0.24262152777777782,0.019146400448966316,99.19292740260212,0.9989811979278793,68.56733841442289,1.818487558579706,93.3442994737484,0.08459100746678642,0.4910466358853033,0.15093301510265472,16.580017276420442,2.1974388508693066,0.0,0.0,12.364358490394917,0.5493445670970998,25.165562962738584,1.300730737262592,50.26828965603821,2.077627163253747,11.661179595442885,2.2560556002748866,243.49751963661237,8.335886475312957
storage_tight,no_storage_price,20,40.04682079113332,1.5296941845025904,69.3135679159614,2.710373889182492,107.98991246957034,6.755412172645521,0.08956030259592396,0.005353318804559862,79.51049975822733,0.8033280000810509,0.0,0.0,158.29495498624024,8.052212464941153,438.9999442223765,33.4906906201595,102.29783248643841,11.675355261026231,66.97281824988966,4.58470495192259,10.840277777777777,0.8241631447307951,0.1915509259259259,0.01413100073600426,98.08540360051428,1.104005843389377,68.8121796471385,1.3038412358006872,93.42424421790203,0.036237908797383006,0.7548847463581021,0.15732120955863346,19.099469864548116,2.232492645864499,0.0,0.0,10.931232389148867,0.49231220010040483,21.327012087055127,1.0549357601699878,50.29125695468255,2.1396566927200498,10.832077473132387,2.076828359645282,268.0149486415288,6.78971821063751
