scenario,horizon_windows,storage_guard_s,urgency_weight,seed,value_score_pct,time_below_reserve_pct
nominal,2,300.0,0.0,1000,39.62579042233606,0.0
nominal,2,300.0,0.0,1001,45.66137986464863,0.0
nominal,2,300.0,0.0,1002,41.79420084674601,0.0
nominal,2,300.0,0.0,1003,43.01725659144735,0.0
nominal,2,300.0,1.0,1000,39.63186992089163,0.0
nominal,2,300.0,1.0,1001,45.66601403015493,0.0
nominal,2,300.0,1.0,1002,41.79891404684634,0.0
nominal,2,300.0,1.0,1003,43.02239186855765,0.0
nominal,2,900.0,0.0,1000,39.62579042233606,0.0
nominal,2,900.0,0.0,1001,45.66137986464863,0.0
nominal,2,900.0,0.0,1002,41.79420084674601,0.0
nominal,2,900.0,0.0,1003,43.01725659144735,0.0
nominal,2,900.0,1.0,1000,39.63186992089163,0.0
nominal,2,900.0,1.0,1001,45.66601403015493,0.0
nominal,2,900.0,1.0,1002,41.79891404684634,0.0
nominal,2,900.0,1.0,1003,43.02239186855765,0.0
nominal,3,300.0,0.0,1000,39.599390791619015,0.0
nominal,3,300.0,0.0,1001,45.449310081975064,0.0
nominal,3,300.0,0.0,1002,41.57128553584165,0.0
nominal,3,300.0,0.0,1003,42.935053020342714,0.0
nominal,3,300.0,1.0,1000,39.60561194359546,0.0
nominal,3,300.0,1.0,1001,45.4541070494924,0.0
nominal,3,300.0,1.0,1002,41.57604199980304,0.0
nominal,3,300.0,1.0,1003,42.94239136863984,0.0
nominal,3,900.0,0.0,1000,39.599390791619015,0.0
nominal,3,900.0,0.0,1001,45.449310081975064,0.0
nominal,3,900.0,0.0,1002,41.57128553584165,0.0
nominal,3,900.0,0.0,1003,42.935053020342714,0.0
nominal,3,900.0,1.0,1000,39.60561194359546,0.0
nominal,3,900.0,1.0,1001,45.4541070494924,0.0
nominal,3,900.0,1.0,1002,41.57604199980304,0.0
nominal,3,900.0,1.0,1003,42.94239136863984,0.0
nominal,5,300.0,0.0,1000,39.599390791619015,0.0
nominal,5,300.0,0.0,1001,45.449310081975064,0.0
nominal,5,300.0,0.0,1002,41.57128553584165,0.0
nominal,5,300.0,0.0,1003,42.935053020342714,0.0
nominal,5,300.0,1.0,1000,39.60561194359546,0.0
nominal,5,300.0,1.0,1001,45.4541070494924,0.0
nominal,5,300.0,1.0,1002,41.57604199980304,0.0
nominal,5,300.0,1.0,1003,42.94239136863984,0.0
nominal,5,900.0,0.0,1000,39.599390791619015,0.0
nominal,5,900.0,0.0,1001,45.449310081975064,0.0
nominal,5,900.0,0.0,1002,41.57128553584165,0.0
nominal,5,900.0,0.0,1003,42.935053020342714,0.0
nominal,5,900.0,1.0,1000,39.60561194359546,0.0
nominal,5,900.0,1.0,1001,45.4541070494924,0.0
nominal,5,900.0,1.0,1002,41.57604199980304,0.0
nominal,5,900.0,1.0,1003,42.94239136863984,0.0
energy_starved,2,300.0,0.0,1000,38.3800877831574,0.24305555555555555
energy_starved,2,300.0,0.0,1001,41.32685458879475,10.79861111111111
energy_starved,2,300.0,0.0,1002,40.45654232478616,1.597222222222222
energy_starved,2,300.0,0.0,1003,40.903361509283215,8.472222222222223
energy_starved,2,300.0,1.0,1000,38.39581436947322,0.24305555555555555
energy_starved,2,300.0,1.0,1001,40.901141599327076,10.79861111111111
energy_starved,2,300.0,1.0,1002,40.46627271413026,1.597222222222222
energy_starved,2,300.0,1.0,1003,40.925891665568614,8.472222222222223
energy_starved,2,900.0,0.0,1000,38.3800877831574,0.24305555555555555
energy_starved,2,900.0,0.0,1001,41.32685458879475,10.79861111111111
energy_starved,2,900.0,0.0,1002,40.45654232478616,1.597222222222222
energy_starved,2,900.0,0.0,1003,40.903361509283215,8.472222222222223
energy_starved,2,900.0,1.0,1000,38.39581436947322,0.24305555555555555
energy_starved,2,900.0,1.0,1001,40.901141599327076,10.79861111111111
energy_starved,2,900.0,1.0,1002,40.46627271413026,1.597222222222222
energy_starved,2,900.0,1.0,1003,40.925891665568614,8.472222222222223
energy_starved,3,300.0,0.0,1000,38.590648061086696,0.0
energy_starved,3,300.0,0.0,1001,41.19072303508911,10.833333333333334
energy_starved,3,300.0,0.0,1002,40.40594170519018,1.284722222222222
energy_starved,3,300.0,0.0,1003,40.42475754363349,8.854166666666668
energy_starved,3,300.0,1.0,1000,38.59678156181416,0.0
energy_starved,3,300.0,1.0,1001,41.39570295304593,10.833333333333334
energy_starved,3,300.0,1.0,1002,40.41057781483284,1.284722222222222
energy_starved,3,300.0,1.0,1003,40.43910822929978,8.854166666666668
energy_starved,3,900.0,0.0,1000,38.590648061086696,0.0
energy_starved,3,900.0,0.0,1001,41.19072303508911,10.833333333333334
energy_starved,3,900.0,0.0,1002,40.40594170519018,1.284722222222222
energy_starved,3,900.0,0.0,1003,40.42475754363349,8.854166666666668
energy_starved,3,900.0,1.0,1000,38.59678156181416,0.0
energy_starved,3,900.0,1.0,1001,41.39570295304593,10.833333333333334
energy_starved,3,900.0,1.0,1002,40.41057781483284,1.284722222222222
energy_starved,3,900.0,1.0,1003,40.43910822929978,8.854166666666668
energy_starved,5,300.0,0.0,1000,38.590648061086696,0.0
energy_starved,5,300.0,0.0,1001,41.48149214747789,10.868055555555555
energy_starved,5,300.0,0.0,1002,40.40594170519018,1.284722222222222
energy_starved,5,300.0,0.0,1003,40.42475754363349,8.854166666666668
energy_starved,5,300.0,1.0,1000,38.59678156181416,0.0
energy_starved,5,300.0,1.0,1001,41.485027981486,10.868055555555555
energy_starved,5,300.0,1.0,1002,40.41057781483284,1.284722222222222
energy_starved,5,300.0,1.0,1003,40.43223946355027,8.854166666666668
energy_starved,5,900.0,0.0,1000,38.590648061086696,0.0
energy_starved,5,900.0,0.0,1001,41.48149214747789,10.868055555555555
energy_starved,5,900.0,0.0,1002,40.40594170519018,1.284722222222222
energy_starved,5,900.0,0.0,1003,40.42475754363349,8.854166666666668
energy_starved,5,900.0,1.0,1000,38.59678156181416,0.0
energy_starved,5,900.0,1.0,1001,41.485027981486,10.868055555555555
energy_starved,5,900.0,1.0,1002,40.41057781483284,1.284722222222222
energy_starved,5,900.0,1.0,1003,40.43223946355027,8.854166666666668
downlink_starved,2,300.0,0.0,1000,36.34986957029614,0.0
downlink_starved,2,300.0,0.0,1001,32.2984497680447,0.0
downlink_starved,2,300.0,0.0,1002,27.144168610763792,0.0
downlink_starved,2,300.0,0.0,1003,32.747953978018415,0.0
downlink_starved,2,300.0,1.0,1000,36.341746473112316,0.0
downlink_starved,2,300.0,1.0,1001,32.33392936126863,0.0
downlink_starved,2,300.0,1.0,1002,27.154320223643374,0.0
downlink_starved,2,300.0,1.0,1003,32.75705772982151,0.0
downlink_starved,2,900.0,0.0,1000,36.34986957029614,0.0
downlink_starved,2,900.0,0.0,1001,32.2984497680447,0.0
downlink_starved,2,900.0,0.0,1002,27.144168610763792,0.0
downlink_starved,2,900.0,0.0,1003,32.747953978018415,0.0
downlink_starved,2,900.0,1.0,1000,36.341746473112316,0.0
downlink_starved,2,900.0,1.0,1001,32.33392936126863,0.0
downlink_starved,2,900.0,1.0,1002,27.154320223643374,0.0
downlink_starved,2,900.0,1.0,1003,32.75705772982151,0.0
downlink_starved,3,300.0,0.0,1000,35.826454115876004,0.0
downlink_starved,3,300.0,0.0,1001,31.508017525305643,0.0
downlink_starved,3,300.0,0.0,1002,26.608123644991146,0.0
downlink_starved,3,300.0,0.0,1003,32.53877113561557,0.0
downlink_starved,3,300.0,1.0,1000,35.91061498236243,0.0
downlink_starved,3,300.0,1.0,1001,31.545180053057262,0.0
downlink_starved,3,300.0,1.0,1002,26.62151649183231,0.0
downlink_starved,3,300.0,1.0,1003,32.55135721785622,0.0
downlink_starved,3,900.0,0.0,1000,35.826454115876004,0.0
downlink_starved,3,900.0,0.0,1001,31.508017525305643,0.0
downlink_starved,3,900.0,0.0,1002,26.608123644991146,0.0
downlink_starved,3,900.0,0.0,1003,32.53877113561557,0.0
downlink_starved,3,900.0,1.0,1000,35.91061498236243,0.0
downlink_starved,3,900.0,1.0,1001,31.545180053057262,0.0
downlink_starved,3,900.0,1.0,1002,26.62151649183231,0.0
downlink_starved,3,900.0,1.0,1003,32.55135721785622,0.0
downlink_starved,5,300.0,0.0,1000,35.826454115876004,0.0
downlink_starved,5,300.0,0.0,1001,31.34029364942081,0.0
downlink_starved,5,300.0,0.0,1002,26.608123644991146,0.0
downlink_starved,5,300.0,0.0,1003,32.53877113561557,0.0
downlink_starved,5,300.0,1.0,1000,35.91061498236243,0.0
downlink_starved,5,300.0,1.0,1001,31.3524268832659,0.0
downlink_starved,5,300.0,1.0,1002,26.62151649183231,0.0
downlink_starved,5,300.0,1.0,1003,32.55135721785622,0.0
downlink_starved,5,900.0,0.0,1000,35.826454115876004,0.0
downlink_starved,5,900.0,0.0,1001,31.34029364942081,0.0
downlink_starved,5,900.0,0.0,1002,26.608123644991146,0.0
downlink_starved,5,900.0,0.0,1003,32.53877113561557,0.0
downlink_starved,5,900.0,1.0,1000,35.91061498236243,0.0
downlink_starved,5,900.0,1.0,1001,31.3524268832659,0.0
downlink_starved,5,900.0,1.0,1002,26.62151649183231,0.0
downlink_starved,5,900.0,1.0,1003,32.55135721785622,0.0
storage_tight,2,300.0,0.0,1000,32.67502515103201,0.0
storage_tight,2,300.0,0.0,1001,35.77350314021155,0.0
storage_tight,2,300.0,0.0,1002,34.312235229903905,0.0
storage_tight,2,300.0,0.0,1003,35.229880345669706,0.0
storage_tight,2,300.0,1.0,1000,32.675939287153675,0.0
storage_tight,2,300.0,1.0,1001,35.77445215206788,0.0
storage_tight,2,300.0,1.0,1002,34.31342670858251,0.0
storage_tight,2,300.0,1.0,1003,35.23078988692821,0.0
storage_tight,2,900.0,0.0,1000,20.88828399825328,0.0
storage_tight,2,900.0,0.0,1001,27.842648278589547,0.0
storage_tight,2,900.0,0.0,1002,27.093481890540975,0.0
storage_tight,2,900.0,0.0,1003,25.804065381918523,0.0
storage_tight,2,900.0,1.0,1000,20.888519206598435,0.0
storage_tight,2,900.0,1.0,1001,27.843127346968227,0.0
storage_tight,2,900.0,1.0,1002,27.09407227493973,0.0
storage_tight,2,900.0,1.0,1003,25.804812716192558,0.0
storage_tight,3,300.0,0.0,1000,32.67502515103201,0.0
storage_tight,3,300.0,0.0,1001,35.77350314021155,0.0
storage_tight,3,300.0,0.0,1002,34.312235229903905,0.0
storage_tight,3,300.0,0.0,1003,35.229880345669706,0.0
storage_tight,3,300.0,1.0,1000,32.675939287153675,0.0
storage_tight,3,300.0,1.0,1001,35.77445215206788,0.0
storage_tight,3,300.0,1.0,1002,34.31342670858251,0.0
storage_tight,3,300.0,1.0,1003,35.23078988692821,0.0
storage_tight,3,900.0,0.0,1000,20.88828399825328,0.0
storage_tight,3,900.0,0.0,1001,27.842648278589547,0.0
storage_tight,3,900.0,0.0,1002,27.093481890540975,0.0
storage_tight,3,900.0,0.0,1003,25.804065381918523,0.0
storage_tight,3,900.0,1.0,1000,20.888519206598435,0.0
storage_tight,3,900.0,1.0,1001,27.843127346968227,0.0
storage_tight,3,900.0,1.0,1002,27.09407227493973,0.0
storage_tight,3,900.0,1.0,1003,25.804812716192558,0.0
storage_tight,5,300.0,0.0,1000,32.67502515103201,0.0
storage_tight,5,300.0,0.0,1001,35.77350314021155,0.0
storage_tight,5,300.0,0.0,1002,34.312235229903905,0.0
storage_tight,5,300.0,0.0,1003,35.229880345669706,0.0
storage_tight,5,300.0,1.0,1000,32.675939287153675,0.0
storage_tight,5,300.0,1.0,1001,35.77445215206788,0.0
storage_tight,5,300.0,1.0,1002,34.31342670858251,0.0
storage_tight,5,300.0,1.0,1003,35.23078988692821,0.0
storage_tight,5,900.0,0.0,1000,20.88828399825328,0.0
storage_tight,5,900.0,0.0,1001,27.842648278589547,0.0
storage_tight,5,900.0,0.0,1002,27.093481890540975,0.0
storage_tight,5,900.0,0.0,1003,25.804065381918523,0.0
storage_tight,5,900.0,1.0,1000,20.888519206598435,0.0
storage_tight,5,900.0,1.0,1001,27.843127346968227,0.0
storage_tight,5,900.0,1.0,1002,27.09407227493973,0.0
storage_tight,5,900.0,1.0,1003,25.804812716192558,0.0
compute_starved,2,300.0,0.0,1000,36.15375550552398,0.0
compute_starved,2,300.0,0.0,1001,38.26498983237806,0.0
compute_starved,2,300.0,0.0,1002,36.90046858080012,0.0
compute_starved,2,300.0,0.0,1003,37.56742946178405,0.0
compute_starved,2,300.0,1.0,1000,36.53479916395195,0.0
compute_starved,2,300.0,1.0,1001,38.00579067337012,0.0
compute_starved,2,300.0,1.0,1002,36.65003579653438,0.0
compute_starved,2,300.0,1.0,1003,37.757428534114744,0.0
compute_starved,2,900.0,0.0,1000,36.15375550552398,0.0
compute_starved,2,900.0,0.0,1001,38.26498983237806,0.0
compute_starved,2,900.0,0.0,1002,36.90046858080012,0.0
compute_starved,2,900.0,0.0,1003,37.56742946178405,0.0
compute_starved,2,900.0,1.0,1000,36.53479916395195,0.0
compute_starved,2,900.0,1.0,1001,38.00579067337012,0.0
compute_starved,2,900.0,1.0,1002,36.65003579653438,0.0
compute_starved,2,900.0,1.0,1003,37.757428534114744,0.0
compute_starved,3,300.0,0.0,1000,35.881747505622194,0.0
compute_starved,3,300.0,0.0,1001,39.01121712819494,0.0
compute_starved,3,300.0,0.0,1002,38.20985080338163,0.0
compute_starved,3,300.0,0.0,1003,37.271250292933075,0.0
compute_starved,3,300.0,1.0,1000,35.98066861485335,0.0
compute_starved,3,300.0,1.0,1001,39.02134218238194,0.0
compute_starved,3,300.0,1.0,1002,38.21373462108789,0.0
compute_starved,3,300.0,1.0,1003,37.278660570376346,0.0
compute_starved,3,900.0,0.0,1000,35.881747505622194,0.0
compute_starved,3,900.0,0.0,1001,39.01121712819494,0.0
compute_starved,3,900.0,0.0,1002,38.20985080338163,0.0
compute_starved,3,900.0,0.0,1003,37.271250292933075,0.0
compute_starved,3,900.0,1.0,1000,35.98066861485335,0.0
compute_starved,3,900.0,1.0,1001,39.02134218238194,0.0
compute_starved,3,900.0,1.0,1002,38.21373462108789,0.0
compute_starved,3,900.0,1.0,1003,37.278660570376346,0.0
compute_starved,5,300.0,0.0,1000,35.91926282902394,0.0
compute_starved,5,300.0,0.0,1001,39.543348911092224,0.0
compute_starved,5,300.0,0.0,1002,37.818281011357485,0.0
compute_starved,5,300.0,0.0,1003,37.82224526743312,0.0
compute_starved,5,300.0,1.0,1000,35.92453269949256,0.0
compute_starved,5,300.0,1.0,1001,39.547169234295175,0.0
compute_starved,5,300.0,1.0,1002,37.82251232654046,0.0
compute_starved,5,300.0,1.0,1003,38.00065104245585,0.0
compute_starved,5,900.0,0.0,1000,35.91926282902394,0.0
compute_starved,5,900.0,0.0,1001,39.543348911092224,0.0
compute_starved,5,900.0,0.0,1002,37.818281011357485,0.0
compute_starved,5,900.0,0.0,1003,37.82224526743312,0.0
compute_starved,5,900.0,1.0,1000,35.92453269949256,0.0
compute_starved,5,900.0,1.0,1001,39.547169234295175,0.0
compute_starved,5,900.0,1.0,1002,37.82251232654046,0.0
compute_starved,5,900.0,1.0,1003,38.00065104245585,0.0
event_surge,2,300.0,0.0,1000,30.224610700847307,0.0
event_surge,2,300.0,0.0,1001,32.386858724829416,0.0
event_surge,2,300.0,0.0,1002,29.643994824880416,0.0
event_surge,2,300.0,0.0,1003,30.908565996965855,0.0
event_surge,2,300.0,1.0,1000,30.22670872834879,0.0
event_surge,2,300.0,1.0,1001,32.388224282480415,0.0
event_surge,2,300.0,1.0,1002,29.646620162116694,0.0
event_surge,2,300.0,1.0,1003,30.910095711690282,0.0
event_surge,2,900.0,0.0,1000,30.224610700847307,0.0
event_surge,2,900.0,0.0,1001,32.386858724829416,0.0
event_surge,2,900.0,0.0,1002,29.643994824880416,0.0
event_surge,2,900.0,0.0,1003,30.908565996965855,0.0
event_surge,2,900.0,1.0,1000,30.22670872834879,0.0
event_surge,2,900.0,1.0,1001,32.388224282480415,0.0
event_surge,2,900.0,1.0,1002,29.646620162116694,0.0
event_surge,2,900.0,1.0,1003,30.910095711690282,0.0
event_surge,3,300.0,0.0,1000,30.074654232590788,0.0
event_surge,3,300.0,0.0,1001,32.40846225588016,0.0
event_surge,3,300.0,0.0,1002,29.479987227186506,0.0
event_surge,3,300.0,0.0,1003,30.863192386272836,0.0
event_surge,3,300.0,1.0,1000,30.07637482558323,0.0
event_surge,3,300.0,1.0,1001,32.37859008741377,0.0
event_surge,3,300.0,1.0,1002,29.482401906321023,0.0
event_surge,3,300.0,1.0,1003,30.864893371692443,0.0
event_surge,3,900.0,0.0,1000,30.074654232590788,0.0
event_surge,3,900.0,0.0,1001,32.40846225588016,0.0
event_surge,3,900.0,0.0,1002,29.479987227186506,0.0
event_surge,3,900.0,0.0,1003,30.863192386272836,0.0
event_surge,3,900.0,1.0,1000,30.07637482558323,0.0
event_surge,3,900.0,1.0,1001,32.37859008741377,0.0
event_surge,3,900.0,1.0,1002,29.482401906321023,0.0
event_surge,3,900.0,1.0,1003,30.864893371692443,0.0
event_surge,5,300.0,0.0,1000,30.074654232590788,0.0
event_surge,5,300.0,0.0,1001,32.34784099421571,0.0
event_surge,5,300.0,0.0,1002,29.479987227186506,0.0
event_surge,5,300.0,0.0,1003,30.863192386272836,0.0
event_surge,5,300.0,1.0,1000,30.07637482558323,0.0
event_surge,5,300.0,1.0,1001,32.34970109750456,0.0
event_surge,5,300.0,1.0,1002,29.482401906321023,0.0
event_surge,5,300.0,1.0,1003,30.864893371692443,0.0
event_surge,5,900.0,0.0,1000,30.074654232590788,0.0
event_surge,5,900.0,0.0,1001,32.34784099421571,0.0
event_surge,5,900.0,0.0,1002,29.479987227186506,0.0
event_surge,5,900.0,0.0,1003,30.863192386272836,0.0
event_surge,5,900.0,1.0,1000,30.07637482558323,0.0
event_surge,5,900.0,1.0,1001,32.34970109750456,0.0
event_surge,5,900.0,1.0,1002,29.482401906321023,0.0
event_surge,5,900.0,1.0,1003,30.864893371692443,0.0
