scenario,policy,n_seeds,value_score_pct,value_score_pct_ci95,completion_rate_pct,completion_rate_pct_ci95,energy_total_wh,energy_total_wh_ci95,wh_per_value,wh_per_value_ci95,min_soc_pct,min_soc_pct_ci95,time_below_reserve_pct,time_below_reserve_pct_ci95,latency_mean_min,latency_mean_min_ci95,latency_p95_min,latency_p95_min_ci95,alert_latency_mean_min,alert_latency_mean_min_ci95,alerts_delivered_pct,alerts_delivered_pct_ci95,gpu_util_pct,gpu_util_pct_ci95,cpu_util_pct,cpu_util_pct_ci95,downlink_util_pct,downlink_util_pct_ci95,storage_mean_pct,storage_mean_pct_ci95,storage_peak_pct,storage_peak_pct_ci95,overflow_pct,overflow_pct_ci95,dropped_pct,dropped_pct_ci95,expired_pct,expired_pct_ci95,discarded_onboard_pct,discarded_onboard_pct_ci95,processed_onboard_pct,processed_onboard_pct_ci95,sent_raw_pct,sent_raw_pct_ci95,backlog_pct,backlog_pct_ci95,spilled_solar_wh,spilled_solar_wh_ci95,brownout_wh,brownout_wh_ci95,stalled_job_steps,stalled_job_steps_ci95,delivered_pct,delivered_pct_ci95
compute_starved,bandwidth_rules,20,35.090780320352486,1.450070585726609,80.38137804044621,1.119837956166953,175.71801318267447,2.9891353379124137,0.17706087336952955,0.0065122812785256366,72.84659869350254,1.6231581720332293,0.0,0.0,243.29553559585128,7.759150092306659,592.8006898996206,16.838578086146793,140.3512933465728,12.378586934588323,71.60508957582941,3.5634491798473844,89.29284722222222,1.644975301589881,1.013527199074074,0.02264361511228913,100.0,1.4288428716376003e-15,38.53857518049127,3.0954369951646656,66.26000996433854,4.322015721338389,0.0,0.0,0.07662835249042146,0.15019157088122603,10.899958722349592,0.546845152108938,19.138844605841534,0.5541858092129618,55.3036889479147,0.889197262175862,27.629689062967635,0.9866954384054402,8.642034884713793,1.025909231920961,238.2636930319919,3.9279853123461477,0.0,0.0,0.0,0.0,61.24253343460464,1.0185283563905096
compute_starved,bent_pipe,20,5.2130825116722805,0.3494911214736579,12.93338498584281,0.6944938551344685,11.942083333333615,0.16797864685191982,0.08193183509458044,0.004540869649406423,75.96868055555562,2.4464967452303616,0.0,0.0,877.9928015238308,22.291012620230454,1149.660572862263,27.35079458121552,nan,nan,0.0,0.0,0.0,0.0,0.0,0.0,100.0,1.4288428716376003e-15,80.30277328079828,1.4272204492590792,99.99790771944473,0.00247658949944874,15.676155063111688,1.3274891183297475,0.0,0.0,34.5677021787755,0.7498703186295285,0.0,0.0,0.0,0.0,12.93338498584281,0.6944938551344685,36.82275777227001,0.7968899178652418,399.78791666665546,3.0314998254275864,0.0,0.0,0.0,0.0,12.93338498584281,0.6944938551344685
compute_starved,priority_rules,20,36.1204786518109,1.7094047874174247,81.38422538372463,1.1856743826800973,186.8139039854555,1.2304365918909541,0.18319800559668098,0.006599285164336829,72.56390065913341,1.6707845829526216,0.0,0.0,236.68146919462328,9.92486341826969,545.968555532603,19.323713388952125,139.83232998809171,12.347058380449619,71.76637989841007,3.6875625781499557,95.62284722222219,0.5852142494251684,1.013527199074074,0.02264361511228913,98.57677255111973,1.4273537011220256,30.162879844952965,4.447936811142163,56.285072154497456,5.840560340940146,0.0,0.0,0.0,0.0,10.893490417045582,0.5516908950398293,16.94317961499301,0.5698787021012068,52.70192798602669,0.9510195129092974,31.329994407102465,0.9112569547310462,7.72228419922979,1.1443603320290778,227.21303528005745,2.0813927410022663,0.0,0.0,0.0,0.0,64.44104576873161,1.0469403249882838
compute_starved,process_all,20,27.66484715352079,1.2694624661741363,75.99464194757566,0.9210663459084849,176.4024376668229,1.0456825361665656,0.22579913667995818,0.008203694776448807,74.09583180757191,2.199179388492367,0.0,0.0,244.46751262870413,8.442171746021613,580.1005112642727,16.43726775261767,144.21109410150416,12.450711977629854,71.05614777688761,3.676760014953515,95.0336111111111,0.533202939036848,1.013527199074074,0.02264361511228913,20.186290450269308,0.5529555872329579,46.41706188829032,4.625569366915956,84.94015938595156,5.7524269747742425,0.0973355539987674,0.11432015753248617,0.0,0.0,11.327303984264507,0.6053193324298438,18.0608316234623,0.5277692317799654,54.88665152454829,0.8998235960919866,23.820203642048675,0.9141114667057465,12.580718514161067,1.0117143298105575,237.47503161430086,1.9054756569666718,0.0,0.0,0.0,0.0,57.93381032411336,0.7954317979266173
compute_starved,value_aware,20,38.70809134794691,1.3173065375700612,76.28959998524604,0.9947292051748629,166.16505020340145,3.8654486783795186,0.15141262315649007,0.005157188347747172,73.12877089218429,1.5387982180865736,0.0,0.0,239.78251564755564,6.907542780822289,571.775620234009,13.572205374162124,139.57994844934325,12.318895711204418,71.58780846983863,3.8103405760770563,85.8290972222222,2.1203222194866784,0.3111255787037036,0.028000140949831165,99.85779364323068,0.2745374812716325,44.27481323746933,2.910911194148779,72.73706089073035,4.376325169025473,0.0,0.0,17.81067377921341,0.6800913011030217,0.0,0.0,13.204856531746156,0.4775593432674493,30.843660345684377,1.0295120209281872,46.07845740292946,1.2026824345261669,5.89972623554055,0.6516320321608512,247.35482103009704,4.854728149723756,0.0,0.0,0.0,0.0,63.08474345349989,0.8619263350257165
downlink_starved,bandwidth_rules,20,27.431973344655507,2.6365155081568394,66.53190451966341,4.677412379254503,251.125986111111,6.546264446628527,0.3367105233829697,0.03431520691107925,74.66684027777762,2.332831691922479,0.0,0.0,294.128486950638,23.951001805842502,751.3269274297711,97.74120804642837,159.25105164202287,10.898663711650016,62.882572515829885,4.755098333216799,28.61631944444445,0.7816848287963755,1.013527199074074,0.02264361511228913,100.0,2.020688967570014e-15,8.519102562385648,0.32461821009196956,16.477255830686246,0.5878450039308633,0.0,0.0,0.0,0.0,14.054251322360425,0.8712095491154197,21.208151452636702,0.45849566963636,63.32198727534175,0.7853654478790908,20.50413889626156,1.0644621677667743,19.41384415797617,4.080350724815913,162.01776388887578,7.067245955736745,0.0,0.0,0.0,0.0,45.32375306702671,4.6277581680982
downlink_starved,bent_pipe,20,1.0513164843826588,0.10071489279847419,3.1957441222143634,0.35345762512033635,5.883972222222082,0.2939976998989483,0.20152218157702445,0.012460196269584178,75.98229166666673,2.4513844945932926,0.0,0.0,1009.9599486148815,41.455778317788344,1337.945622843921,16.46677782322209,nan,nan,0.0,0.0,0.0,0.0,0.0,0.0,100.0,2.020688967570014e-15,82.07925353166902,1.4059096059202472,99.99943349656655,0.0003070591705170579,23.61381226485592,1.477244229257478,0.0,0.0,33.85759419538167,0.8487191081189447,0.0,0.0,0.0,0.0,3.1957441222143634,0.35345762512033635,39.33284941754803,0.99958754491214,405.8460277777672,2.892946366719383,0.0,0.0,0.0,0.0,3.1957441222143634,0.35345762512033635
downlink_starved,priority_rules,20,27.578898415146835,2.6793735303646837,65.97231290769244,4.521221454401988,255.6319986491439,6.07013168699609,0.3411417327222861,0.034446354898699016,74.04583333333326,2.5788716826176135,0.0,0.0,289.88633543314637,20.826940374743497,750.9655328953578,98.40991311709442,159.25085312270107,10.89854249509124,62.882572515829885,4.755098333216799,29.164930555555554,0.7181897905439997,1.013527199074074,0.02264361511228913,98.43339015838279,1.3015535552425357,5.429506878853296,0.4408015965287908,14.358420658899671,0.8815842910532556,0.0,0.0,0.0,0.0,14.054251322360425,0.8712095491154197,21.25504727840818,0.4546624476252907,63.70424456560979,0.786993038740796,20.497559948893137,1.0613840078781478,19.973435769947137,3.932250736944899,157.17529301750955,6.510722386880763,0.0,0.0,0.0,0.0,44.717265629284256,4.492128626552202
downlink_starved,process_all,20,25.2960927703733,2.5601720737709193,68.11479321817126,4.326959553558446,255.65643878113423,6.061377386769843,0.37267802476806366,0.03781556935373622,74.04192708333325,2.581694937730672,0.0,0.0,350.11869718812545,32.95763909289649,635.4203488363075,36.96099169414672,234.34162915688836,18.651715871846996,39.418231181467505,8.263159893604838,29.170138888888886,0.7165829721574675,1.013527199074074,0.02264361511228913,98.1472285726795,1.5160174273514624,5.40389855368104,0.43391433339433766,14.094617026967592,0.9307362660472486,0.0,0.0,0.0,0.0,18.21360134728216,2.1887552796690057,21.26831046111468,0.45320086151038,63.71092013303301,0.7822457902759996,13.382191656634143,2.6743813669292877,13.671605434546569,2.9012226900279217,157.15085288551924,6.497853322079644,0.0,0.0,0.0,0.0,46.84648275705659,4.248568998018365
downlink_starved,value_aware,20,33.233910099025195,1.627589859639489,64.07186343720437,1.9657786784584188,250.3558472222221,6.6139250844605835,0.2670969369141794,0.012778979146693818,74.40703124999983,2.1600106123764835,0.0,0.0,249.1780949152807,8.974012742864048,604.3130695133209,15.348174055820957,157.91176459901848,11.245021786703461,62.39150108725846,4.397949030752789,28.800347222222218,0.768462950146887,0.5310329861111109,0.05468405917109397,100.0,2.020688967570014e-15,8.473085801316168,0.1997756475098592,16.826549415392215,0.8661532636016219,0.0,0.0,29.18780576737644,1.2726675497009217,0.0,0.0,15.80294900667947,0.5631174516645415,46.72445426486106,2.067169599850972,22.00042486148019,2.139561624740783,6.740330795419179,0.9501276655735934,162.7356111110973,6.958435463295907,0.0,0.0,0.0,0.0,48.26891443052491,1.9435539617096165
energy_starved,bandwidth_rules,20,38.25451783416593,1.7397216551912364,75.93853691279745,2.8474480089619596,196.5238803663201,3.978783051107065,0.18210571007224713,0.008368465480487766,27.10091698207048,2.9745843266180487,2.2152777777777777,0.7779230858416404,249.51373009294826,10.12303262169317,598.1066213872565,29.035921056918536,140.3512933465728,12.378586934588323,71.60508957582941,3.5634491798473844,21.576388888888893,0.4953879578685471,0.6975549768518519,0.08691651110896066,99.93252273205599,0.13102408079614644,22.798603322204237,1.6624910076040706,40.80180406013764,3.890567316322544,0.0,0.0,0.0,0.0,10.899958722349592,0.546845152108938,19.39480492714563,0.6633918135745728,48.82459764072246,2.6562936808992728,28.67078656229583,2.1754142107840995,13.161504364852965,2.8097378241035917,5.9470972222238006,2.7860030237775097,0.0,0.0,0.0,0.0,56.543731985651824,2.630481811472266
energy_starved,bent_pipe,20,5.2130825116722805,0.3494911214736579,12.93338498584281,0.6944938551344685,11.942083333333615,0.16797864685191982,0.08193183509458044,0.004540869649406423,70.36152777777825,2.1783841776986677,0.0,0.0,877.9928015238308,22.291012620230454,1149.660572862263,27.35079458121552,nan,nan,0.0,0.0,0.0,0.0,0.0,0.0,100.0,1.4288428716376003e-15,80.30277328079828,1.4272204492590792,99.99790771944473,0.00247658949944874,15.676155063111688,1.3274891183297475,0.0,0.0,34.5677021787755,0.7498703186295285,0.0,0.0,0.0,0.0,12.93338498584281,0.6944938551344685,36.82275777227001,0.7968899178652418,163.49494444445662,1.8150035205474697,0.0,0.0,0.0,0.0,12.93338498584281,0.6944938551344685
energy_starved,priority_rules,20,37.615432242833755,1.8452756435317827,73.96582039680251,3.4222992574537816,205.60828506269763,1.7766320087983951,0.19407901955431292,0.008926908556933238,23.14111383965878,0.4388588638953985,4.927083333333334,0.6544423989917796,246.04859055315916,22.21877868210207,626.450174387775,98.89151976819309,139.8332603130794,12.346422490488992,71.76637989841007,3.6875625781499557,23.031249999999996,0.24188083077813483,0.38852719907407407,0.0466917531131753,86.0435743600346,7.456398949048004,13.641416051977505,2.464285016130164,37.97743615773789,4.740161562726349,0.0,0.0,0.0,0.0,10.893490417045582,0.5516908950398293,16.517708842596804,0.7565399073038815,37.20091877837869,1.8850109326974165,38.129176653874275,3.2657857267004995,15.140689186151912,3.3715277430710344,0.26320833333336713,0.5158883333333996,0.0,0.0,0.0,0.0,57.448111554205695,3.2386336188255336
energy_starved,process_all,20,22.244389868948982,2.2841688855807303,55.91444631476329,3.411458360115179,220.55229622693028,3.1716467675534052,0.36156139614436056,0.02885949354709538,10.000183084323876,0.0001822564594739406,54.65277777777777,7.632149054880048,226.6790929057463,9.568719569475839,540.3108590185736,14.82657178682924,144.381143214745,17.89800012561164,37.48013036999714,7.085108269271572,25.451388888888893,0.3628808691274417,1.007378472222222,0.024606585169138825,16.15514408528593,1.413799467723568,14.408005038582928,2.946519131497336,43.11177118094293,6.799325241016455,0.0,0.0,0.0,0.0,15.885410419868517,0.9105746528411867,19.878538567695642,0.5791004432112282,59.736201506630835,1.1227105045312762,13.07352875637404,1.445641349078263,28.200143265368194,2.7067611523147974,0.26320833333336713,0.5158883333333996,0.0,0.0,2034.5,367.92492991169587,36.03590774706764,3.257684961909914
energy_starved,value_aware,20,42.543560265820304,1.2376834927719675,78.80145305179325,0.9466080041544639,189.22759525968507,4.291122187551796,0.156620500173439,0.004325603114014984,27.81639215979545,2.292545481473443,3.2621527777777777,1.762732754929151,229.4384374514015,6.7968404385873615,552.5010725294471,11.986796973068438,139.64394638300794,12.309752695748216,71.58780846983863,3.8103405760770563,20.994791666666668,0.50030578972648,0.19950810185185186,0.02382521809086749,99.7651568935253,0.19639216320888736,26.058682788650678,1.535433477141999,43.351935763369234,3.488174166759595,0.0,0.0,17.677820853860403,0.666612060951832,0.0,0.0,14.234236549800167,0.4965890631767181,30.495858979602133,1.0671826835570029,48.73415281207219,1.0760420353502458,3.520726094346352,0.5308929196528352,10.359611111112839,3.6277872528909105,0.0,0.0,0.0,0.0,64.56721650199309,0.8632963385123149
event_surge,bandwidth_rules,20,30.488126071073104,1.2627556565659928,84.56018521952258,0.8441660082167987,210.8685382415787,7.092868154738994,0.0950253282977595,0.004484423861246416,73.98442708333329,2.239754390694133,0.0,0.0,203.0459538806939,6.436807532307511,527.4845115468028,11.790223631445576,143.40853593969794,5.8971144042932675,67.14454723443072,2.2690456257674394,22.557291666666668,0.8400219348260335,1.9863281249999996,0.03780623377417249,99.2566231956391,0.4970585730757713,19.422078603057127,0.6398838269471033,32.597598544430724,0.6021903197004232,0.0,0.0,0.0,0.0,11.2251688343238,0.7528417140152056,31.763453334336862,0.6064187103620262,71.95682286620882,0.6303075223709542,18.91700581032803,0.7124058196158982,4.214645946153635,0.8543509639904754,201.52364231396507,7.19221947294781,0.0,0.0,0.0,0.0,52.79673188518571,0.7378161473145242
event_surge,bent_pipe,20,2.037026042829596,0.11686964876200857,8.723955866939423,0.3641735487795435,11.942083333333615,0.16797864685191982,0.08102674412427632,0.0038731964117548747,75.96868055555562,2.4464967452303616,0.0,0.0,882.2303720025906,24.250831351053424,1153.3522758689146,23.809682439121797,nan,nan,0.0,0.0,0.0,0.0,0.0,0.0,100.0,1.4288428716376003e-15,82.5835190596377,1.0560432182207193,99.99840874430292,0.0006156880630556168,13.852069878366901,0.9050632437295035,0.0,0.0,45.70356150084104,0.6733212293647267,0.0,0.0,0.0,0.0,8.723955866939423,0.3641735487795435,31.720412753852635,0.7125941803726167,399.78791666665546,3.0314998254275864,0.0,0.0,0.0,0.0,8.723955866939423,0.3641735487795435
event_surge,priority_rules,20,30.238263480930094,1.2905808771288219,84.9705126370878,0.8498462024965663,259.9524127821727,6.726050579553103,0.1182466629532219,0.00545221554701733,73.22073155464481,2.6446254905350703,0.0,0.0,194.32808336274422,6.3814582717088575,496.8455449820332,12.219875339367208,143.32497565074408,5.922077250712882,67.14454723443072,2.2690456257674394,29.361111111111114,0.7915105801807149,1.9863281249999996,0.03780623377417249,31.6842321525466,1.311638830502527,4.088921047211173,0.19127903229746718,13.424446937457441,0.6206740976876447,0.0,0.0,0.0,0.0,11.2251688343238,0.7528417140152056,32.09029697151861,0.5917113649794629,74.83080131704965,0.6071498599588147,16.855984645369702,0.6892177770635045,3.804318528588408,0.8302092280246042,153.11335961270998,7.0211571429776365,0.0,0.0,0.0,0.0,52.880215665569175,0.7437912791895217
event_surge,process_all,20,29.283422507413768,1.1905362844737961,84.83691974792839,0.8225591947075851,261.183003683066,6.8041788117661826,0.1225816043674717,0.005434115641830098,73.21168945230879,2.6506022695802396,0.0,0.0,195.64835832541365,6.806958214784466,491.94232012129805,13.200754392804173,148.0008570214265,6.902913294529081,66.74865147659085,2.2047796349602207,29.539930555555554,0.8008712099721352,1.9863281249999996,0.03780623377417249,29.438205124925126,0.827917612083969,4.073754899669998,0.18779790081319986,13.161052842627893,0.6214679077060838,0.0,0.0,0.0,0.0,11.349599325327263,0.7511034049219675,32.15921172042459,0.5947897831141875,74.9723791116164,0.6169136838700859,16.649599720007224,0.6677938578773268,3.8134809267443446,0.8326923113195209,151.86438830041055,7.142258231242863,0.0,0.0,0.0,0.0,52.6777080275038,0.7325855313842169
event_surge,value_aware,20,31.053331359485078,1.3062068203376578,75.7069127489312,1.2618084885919978,205.8982118979613,7.079653098774129,0.09107021464151865,0.004176501305883561,74.17092302424568,2.207073194173266,0.0,0.0,213.38614416228197,6.946413750694288,538.533707504075,12.568495361474392,143.03105803939542,6.0022648255906415,66.9766542281971,2.2452957354001297,22.61458333333333,0.8386979863194707,0.8689959490740741,0.04080527554746563,98.5114185285365,0.6269092156892714,24.36379433559384,0.6909578216338881,39.356306970358574,0.5533329364038486,0.0,0.0,22.298315839354157,1.236026197978525,0.0,0.0,21.806296423345863,0.8918549994314726,42.827810979797064,1.1919426950787415,33.01449183954895,0.7742306760123989,1.9947714117146422,0.4304107743960601,206.00678810202606,7.07896815537401,0.0,0.0,0.0,0.0,53.900616325585325,0.697073845834311
nominal,bandwidth_rules,20,41.93573053850825,1.2055406383694123,84.29774109172226,0.9621739880267636,203.87424995350347,6.292015935695584,0.1710638971642982,0.005170776182284869,74.71467013888874,2.3874653995566395,0.0,0.0,217.2249881431716,6.389106611247969,543.8624857241537,10.594226854511499,140.3512933465728,12.378586934588323,71.60508957582941,3.5634491798473844,22.289930555555554,0.743784037032194,1.013527199074074,0.02264361511228913,98.6003342161448,0.8195145497789448,19.338171019224298,0.6368883134908466,33.11553350043285,0.7317475709542933,0.0,0.0,0.0,0.0,10.899958722349592,0.546845152108938,20.601505131332488,0.47209195298783324,59.28820718641659,0.8657663794736735,27.517853732883584,1.0052568379743732,4.802300185928147,0.9090242257957485,208.3397361575951,6.572616814485745,0.0,0.0,0.0,0.0,63.69623596038978,0.9968025604881781
nominal,bent_pipe,20,5.2130825116722805,0.3494911214736579,12.93338498584281,0.6944938551344685,11.942083333333615,0.16797864685191982,0.08193183509458044,0.004540869649406423,75.96868055555562,2.4464967452303616,0.0,0.0,877.9928015238308,22.291012620230454,1149.660572862263,27.35079458121552,nan,nan,0.0,0.0,0.0,0.0,0.0,0.0,100.0,1.4288428716376003e-15,80.30277328079828,1.4272204492590792,99.99790771944473,0.00247658949944874,15.676155063111688,1.3274891183297475,0.0,0.0,34.5677021787755,0.7498703186295285,0.0,0.0,0.0,0.0,12.93338498584281,0.6944938551344685,36.82275777227001,0.7968899178652418,399.78791666665546,3.0314998254275864,0.0,0.0,0.0,0.0,12.93338498584281,0.6944938551344685
nominal,priority_rules,20,41.128070572304296,1.1881467221546922,84.74251530722252,0.9322261263410677,252.54701305590544,6.042581783943646,0.2161529056962544,0.005750560624796968,73.95604166666655,2.5781350795668225,0.0,0.0,205.29739503601527,6.168126088313675,513.3192400368926,12.301019981961083,139.8332603130794,12.346422490488992,71.76637989841007,3.6875625781499557,29.072916666666668,0.7092864108938556,1.013527199074074,0.02264361511228913,29.071585732060765,1.165274190341847,3.7634349005680376,0.17323973297349465,13.180540832853731,0.6985610504779206,0.0,0.0,0.0,0.0,10.893490417045582,0.5516908950398293,21.201335588538022,0.4405910663358872,63.59735160197907,0.7851998680241585,24.341152801949445,0.9220124855155925,4.363994275731902,0.8818130476671401,160.28341066653425,6.485772326292926,0.0,0.0,0.0,0.0,63.54117971868449,0.9512852316178303
nominal,process_all,20,40.71365447487106,1.1799858990524985,84.60769322632926,0.9503497695565568,253.21847639979188,6.098921931409339,0.21892195015298785,0.005750985687150936,73.95213541666655,2.5809316630242174,0.0,0.0,205.02143238492414,6.611900062685891,505.7663610029498,13.291762034986041,145.04823506062456,12.652561219061726,71.60508957582941,3.5634491798473844,29.170138888888886,0.7165829721574675,1.013527199074074,0.02264361511228913,27.846271583457074,0.9203497953864872,3.77057190070866,0.17038718815265394,13.02054066639767,0.7055601134612257,0.0,0.0,0.0,0.0,11.020840924531026,0.5542971656359669,21.26831046111468,0.45320086151038,63.71092013303301,0.7822457902759996,24.106702068714075,0.9099830669276828,4.371465849139719,0.8890990971709504,159.61194732264784,6.585427653201673,0.0,0.0,0.0,0.0,63.33938276521458,0.9725964898703479
nominal,value_aware,20,43.60083385220431,1.232020492483464,79.38654351373768,0.9644716367640658,196.9616454601929,6.389475870201222,0.1588886009465557,0.004759815887056177,74.87953380117172,2.1971413852852857,0.0,0.0,228.3651582798875,6.899059956451776,552.8440890671867,11.466893641641343,139.57994844934325,12.318895711204418,71.58780846983863,3.8103405760770563,21.921875,0.752156501917511,0.20066550925925924,0.024990563649568857,99.27399469813659,0.42322841377992715,23.76925671229062,0.9194363633514805,39.399185909492786,0.6915022652696498,0.0,0.0,17.717344952829755,0.6733195415277783,0.0,0.0,14.376917216172819,0.492634344779482,31.056565504976447,1.1317687431904764,48.491246494545315,1.0692099358573566,2.896111533432584,0.5229004491635446,214.91085453979377,6.164659869528141,0.0,0.0,0.0,0.0,65.00962629756484,0.841752917872689
storage_tight,bandwidth_rules,20,31.51277226258184,1.2468204380989458,76.19789096115545,0.9758107263614394,150.76406751335224,4.338117707573301,0.1691421900368904,0.0073559079141559324,75.32291666666667,2.4993063911919786,0.0,0.0,200.05762237163833,6.428404331230321,503.2868393215499,12.825065586331444,139.60948554341422,12.46594512812798,71.51637989841007,3.7439003029948448,16.82465277777778,0.5065088098080567,1.0066550925925926,0.023235017843876226,38.544027569722026,2.3035111712282923,56.17332079084339,1.098225787869427,89.66944331050192,0.15969565090545976,1.8575702522974882,0.2353201875794211,6.7804645716312475,0.4933266330838111,10.893490417045582,0.5516908950398293,19.0599618111467,0.5012900304619249,53.40699361800711,0.8486352491972956,25.598150398791738,0.9732242903495889,4.2705837978702075,0.8471040079622804,261.5951299306965,5.917992572726402,0.0,0.0,0.0,0.0,57.137929150008766,0.9647623974613306
storage_tight,bent_pipe,20,10.644232076108668,0.6119301161311451,25.617366460759474,1.7522626375708403,7.334532616156553,0.2627276588611515,0.024417923814399372,0.0009139232649353801,75.98229166666673,2.4513844945932926,0.0,0.0,208.98188707747954,7.985136284126644,633.202095544735,10.35987375335829,97.56028756726147,14.475297399383601,21.07649790160309,3.225727149704895,0.0,0.0,0.0,0.0,61.43037163323383,2.0729048456057333,90.23467280142873,0.7659594491457433,99.99810344261277,0.0007761448043082647,63.608655487639076,2.801384725379138,0.0,0.0,6.733155403658218,0.9261917336686815,0.0,0.0,0.0,0.0,25.617366460759474,1.7522626375708403,4.0408226479432345,0.5636953390862648,404.3954673838327,3.193046907083119,0.0,0.0,0.0,0.0,25.617366460759474,1.7522626375708403
storage_tight,priority_rules,20,37.149503753843405,1.2441201741288255,71.65390208079106,2.1592052941627626,219.5544866515222,4.180775782902427,0.20840735413595537,0.006175185275871953,74.35199652777774,2.6649933600037308,0.0,0.0,203.20254961276305,8.276088827617674,523.4020009730363,13.211884916823088,139.97207107024573,12.235109109931269,71.56637989841006,3.661882630522748,25.19965277777778,0.4951043205270955,1.007306134259259,0.0227828003615753,25.489958672453106,1.0405362673143506,37.659854806530724,1.4471768387207242,89.51141021427526,0.23926953192984096,0.6923061649624344,0.16267873241448155,17.08766057815336,2.2543042356372727,6.208911968111906,1.1504034190141461,20.291531111820586,0.4447855650109269,60.69108882863651,0.7501159734982825,14.152027281109891,1.990736855459875,4.357219207981226,0.8798493279247986,193.20302040425125,5.503282453759113,0.0,0.0,0.0,0.0,51.362370968970495,2.051683700718753
storage_tight,process_all,20,38.44465973918478,1.1350126694857503,82.93065364914145,0.8761733747072818,231.65391608495892,4.7956116883027144,0.212220762701434,0.005701672005260165,74.34756944444439,2.6675775760954052,0.0,0.0,206.13422919706053,6.846119094077865,506.8513078859793,13.596325511954907,145.24300238360087,12.668844361739353,71.41278188352172,3.5673216371546594,26.635416666666664,0.5663437000678676,1.01171875,0.02282105729592548,25.63258271429554,0.6074389859180326,39.6540749200828,1.7293960230957879,98.62943515424114,0.9304976908650956,1.6837781216621857,0.2793039728425448,0.0,0.0,11.020840924531026,0.5542971656359669,20.717389784179478,0.4322506759197494,62.02714201137083,0.7175760827484129,24.106702068714075,0.9099830669276828,4.364727304665325,0.8834869125077285,181.17650763748102,5.758660053353463,0.0,0.0,0.0,0.0,62.213263864961995,0.883058363833531
storage_tight,value_aware,20,36.938307953573336,1.1433251066451073,74.27388826969488,0.9112358058399542,193.65607440505386,5.675103089453079,0.18471548167567858,0.0065848776117519185,74.37239583333329,2.659837031854413,0.0,0.0,205.8600063966372,5.528272123875619,516.2792368583075,13.097043283810924,139.64710497810435,12.373687075020069,71.426518147258,3.828717161792383,21.968749999999993,0.6678301866943678,0.6809895833333334,0.04909379443660721,48.96074111370653,2.597242434921836,45.6188641904031,1.4755452120067032,97.30415140812782,1.2877497306269128,1.4592498925602464,0.20629016150547927,22.017159328618504,0.6599482221803566,0.0,0.0,15.47675526592423,0.5578662165845221,46.137543773654365,1.7573918901220678,30.35310664130868,1.9511341224212657,2.249702509126372,0.4463723847559595,219.1248608649918,5.33212054916175,0.0,0.0,0.0,0.0,58.79713300377066,0.8662323176427031
